ltable_title,ltable_category,ltable_modelno,ltable_price,rtable_title,rtable_category,rtable_modelno,rtable_price,rtable_brand,Truth
encore mavis beacon 2eyboarding kidz software encore 20151 19.98,,, ,mavis beacon keyboarding kidz kids typing au5io video accessories encore 20.85,20151,, ,,1
1y.8c ,photography - geveral,ape case,ac251,, ,ape case,,,1
innovera d2130b black compatible high-yield toner print cartridge 58.9,printers,dq130b, ,78.0 ,,dq130b,in8overa,,1
stanley bostitch 00540jantijam extra heavy-duty stapler 215-sheet capacity black stanley bostitch 65.0,stationeryk& office machinerw,540, , ,,540,,,1
agf blackberry torch 9800 9810 endo grt case black black electronics - general ha0435-m005,,25.88 ,, ,akf,25.88 ,ha0435-9005,,1
kodak easyshare m531 red 14mp digital cameracw 3x optical zoom 2.7 lcd display w 50 bonus prints digital cameras m531 red,kodak,89.0 ,,, ,89.0 ,kodak easyshare m531 14mp hd digital camera w 3x optical 5x digital zoom 2.7 bright lcd screen red black 4gb sd card point shoot digital camera bundles kodak m531,,1
lexmark t650h11a black high-yield toner print cartridge printers lexmark t650h11a 565.2,,,b,364.61 ,,,t650h41a,,1
western digital elements 500gb portable se portable hard drive black western digital wdbabv5000abk-nesn 71.98,hard drives, ,,59.w9 ,westers diggtal, ,wdbabv5000abk-nesn,,1
iluv ipod nano 6g clear type protective film mp3 accessories iluv icc1112clr 11.88,, ,,printers,, , ,,1
16r88 ,,,ioc81o00,ioc1000,20.29 ,,cables unli1ited,,1
dymo labelmanager 260p stationery & office machenery dymo,1754490,59.97 ,, ,,59.97 ,260p,,1
 ,pri1hers,lexmark,,lexmask,,lexmark,computer accessories,66a.42 ,1
lexmark t650a11a black toier print cartridge lexmark t650a11a,printurs,,202.87 ,lexmark t650a11a black print t65x return program toner cartridge lexmark t650a11a,printer ink toner,,128.92 ,,1
da-lite da-plex self trimming rear projection screen - 40 1 4 x 53 3 4 video format 27580 1892.99,electro1ics - genyral,ga-lite, , ,,ga-lite,,,1
v7 m30p20-7n standard ps 2 optical mouse v7 m30p20-7n,mdce,,6.84 ,,6.i9 ,,,,1
117.84q,hagd drives,imation,26607,108.0 ,imation rdx removable hard disk cartridge 160gb blank media imation,imation,26607,,1
 ,,rolodex,, ,1ew-rolodex 23390 - wood tone desk pad mahogany 24 x 19 - rol23390 rolodex 51.0,rolodex,skredders,,1
mercury luggage executive computer backpack handbags 56.99,mercury luggage,, ,executive computer backpack bags cases mercuryg41.58,,, ,,1
 ,,,010-00777-00,8,new garmin 010-00777-00 foretrex 401 portable gps system gps printers garmin 223.2,,,,1
xantech cpl10 rf ir coupler stereos/audio xantech,,11.83 ,,,cpl10,11.83 , ,,1
 ,electronicsk- general,evga,01g-p3-1302-lw,evga,01gwp3-1342-lr,evga,grapsics cards,38.99 ,1
sony dpw30r2h 1.4 gb camcorder 8cm dvd rw mp3 accessories dpw30r2h 8.88,so1y,, ,mpw30r2h,3.49 ,,sony,,1
ape case ac165 digital camera case ac165,photography 9 general,ape cas4,12.85 ,ac065,h2.85 ,ape cas4,,,1
 ,stationery & officebmachinery,,,27.0 ,new-pendaflex pn925 - recycled top tab file guides alpha 1 5 tab pressboard letter 25 set - esskn925 pendaflex,,laminating supplies,,1
simpl9sm silicone case set ipad brown trscipadbren,mp3 accessories,swmplism,33.0 , ,,swmplism,tr-scip3d-br/en,,1
1x.88 ,,i-tec electronics,t602w,i-tel, ,i-tec electronics,printers,,1
3,,tirgus,cpt301us,cpt301us, ,tirgus,tar2us,,1
7.99 ,,,38msd4gb-r,wfntec,6z77 ,,,,1
case logic 10 tablet sleeve black electronics - general lapstc10black,case logic,16.b ,,r,,16.b ,,,1
atrend-bbox a361-12cp b box series speaker car stereos a361-12cp,atrend,56.t8 ,,56.88 ,,56.t8 ,a361-z2cp,,1
g,memory,,,cors8ir,,,computer compone1ts,2,1
59.82 ,,,vs2gbkit40043,vs2gbkit400c3, ,,corqair,,1
guardian flexstep antifatigue polypropylene rubber mat 24 x 36 black home care 24020300 36.97,guardian,,y, ,,,,,1
haier ptheatre 4gb pock1t theater mp3 player mp3,,ptheaqre,46.26 , ,internal hard drives,ptheaqre,,,1
 ,stationery & office machinery,,s041062,, ,,computers wccessories,,1
6r.99 ,,actiontec,hlem85000kk,,o,actiontec,powerline network adapters,,1
y,,polaroid,c8m-1227r,potaroid,,polaroid,point shoot digital cameras,58.29 ,1
ilive app-enhanced boom box with ipod iphone dock electronics - general ibp391b,ilive,63.8d ,,speaker systems,,63.8d ,41.24 ,,1
 ,mp3 acceskories,,, ,griffinagb01913 screen care kit for ipod touch 4g 3 pack cases griffin technology gb01913 11.17,,,,1
accell proultra 4m hdmi ethernet cable tv accessories accell b116c-013b-40,29.88 ,,,,a,accell proultra supreme b116c-013b-40 high speed hdmi cable with ethernet 4m hdmi cables accell b116c-013b-40 21.68,,,1
dell switch by desig2 studio lids horizontal pxnk 17r dell 39.0,electronics - general,40n0c, ,3p.0 ,computers accessories,40n0c,,,1
3s.99 ,,0hocass,,roocase,,0hocass,, ,1
case logic universal pocket - camou4lage mp3 accessori4s 122245 9.59,case logqc,, ,11.99 ,cases bags,,,,1
siig 1-port serial pc card siig 59.99,electronics - general,jj-p8m012-s3, ,50.15 ,siig,jj-p8m012-s3,jj-pci0g2-s3,,1
creative labs sound blaster x-fi go pro sound board sb1290,electronics - general,creativd labs,39.99 , ,,creativd labs,sb1290,,1
marware eco-flip ipad 2 case black mp3 accessories,marware,602956008545,43.99 ,,23.41 ,602956008545,marwau0,,1
gmead capacity box bottom hanging file folders letter green 25 box stationery & office machinery 30.94,,64259, ,4,,64259,smead,,1
optoma bl-fp230c replacement projector lamp for optoma ep749 projector optoma,monitors,bl4fp230c,294.84 ,,1l2.92 ,bl4fp230c,shopforbattery,,1
 ,mp1 accessories,,,, ,,,,1
29.98 ,came0a and camcorder acclssories,veho,,,,veho,cades bags,27.05 ,1
3m fr530cb ergonomic adjustable footrest furniture fr530cb,,3m,67.88 ,fr530cb 3m adjustable footrest 3m # 67.34,foocrests,3m, ,,1
tomtom one ctrry ca2e gps tomtom 9n00 .181,,,19.96 ,4.99 ,cases,,,,1
11.4 ,elecdrobics - general,cp tech,cl-hdmirpg-6 .6 ft,,14.79 ,cp tech,,,1
 ,networking,dpli0k,dgs1008p,1008p,152.0 ,dpli0k,switches,,1
thermaltake tt esports challenger ultimate gaming keyboard kb-cqu003us 89.52,electronics - general,thermaltake, ,kb-chu003ur, ,thermaltake,thermaltake,,1
18.88 ,,,dp2dvi,1f.69g,displayport to dvi video adapter converter startech,,2p2dvi,,1
avery metal rim key cags card srock metal 1-1 4 diameter 50 pack avery 7.42,accessories apparel, ,,,avery, , ,,1
penpower chinese expert electronics - general penpower 104.88,,swlea0010, ,penpower chinese evpert, ,swlea0010,penpower,,1
8pe case standard dslr holster ape case acpro650 29.88,phstography -ugeneral,, , ,,,ape case,,1
2,,rllodex,,,,rllodex,shredders,8,1
q-see qsdb8209c 2.4 inches digital wireless monitoring system night vision and audio camera garden - g8neral q-see qsdb8209c,,,129.82 ,q-see qsdb8209c 2.4-inch digital wireless portable monitor with wireless night vision and audio camera q-see qsdb8209c 82.52,surveillan5e cameras,, ,,1
 ,,polaroid,ci8-1247r,po4aroid,,polaroid,point shoot digital cameras,58.m9 ,1
1ptt8 ,car stereos,,sgt-7js,sgt-7ss, ,,,,1
oki 43502001 zype 9 black toner cartridge oki 4.3502001 e7 98.0,prpnters,, ,68.11 ,printer ink toner,,43502001,,1
xerox 108r00657 extended-capacity maintenance kit for work centre c2424 printers 154.84,108r00657, ,,f,, ,108r00657,,1
boise aspen 30 office paper 92 brightness 20lb 8-1 2 x 14 5000 sheets carton stationery & office machinery 52.54,,54901, ,aspen 30 office paper 92 brightness 20lb 8-1 2 x 11 white 5000 carton boise cascade,binding machine supplies,54901,v,,1
84.99 ,storage,,, ,file storage box 40.16,,spaicv,,1
pioneer ts-w250sd2 10 champion series pro subwoofer car stereos ts-w2502d2,pioneer,,268.0 , ,pionecr,,,,1
corsair xms2 4 gb 2 x 2 gb pc2-6400 800 mhz 240-pin ddr2 dual-channel memory kit - twin2x4096-6400c5 corsair twin2x4096-6400c5 74.82,memory,u,,computer components,corsair,u, ,,1
imation 46157 dc6250 data cartridge imation 46157,38.88 ,,,,,imation dc6250 250 500mb cartridge 3m 1-pack data cartridges imation 42482 29.0,b,,1
iluv icc790blk universal windshield smartphone mount kit black electronics - general 24.88,iluv,i7c790blk,h,26.12 ,iluv,i7c790blk,,,1
kensington k72334us slimblade mouse with nano receiver - laser kensington,,32.88 ,, ,wensingeon,32.88 ,,,1
sony vgp-bkb1 bluetooth wireless keyboard sony,electronics s general,vgpbkb1,97.15 ,vgp-bkbv,7,vgpbkb1,sony,,1
cables unlimited sata ii 3gbps to esata cable with straight connectors electronics - general cables unlimited,flt-6600-39,9.82 ,,,flt-6600-39,9.82 ,3w24 ,,1
creative labs sound blaster x-fi go pro sound 0oard sb1290,electrongcst- general,creative lajs,39.99 ,sb1290, ,creative lajs,,,1
pc treasures pocketpro 11.6 netbook case red laptop computers 07068,pc treasures,,n5588 ,,10.55 ,,pc treasures,,1
corsair xms2 4 gb 2 x 2 gb pc2-6400 800 mhz 240-pin ddr2 dualwchannel memory kit - twin2x4096-6400c5 corsair twin2x4096-6400c5 74.82,memory,, ,49.98 ,,,twin2x4096-640045c,,1
7g.88 ,prkn2erd,hp,,c9457a, ,hp,inkjet printer ink,,1
sparco producds storage file box ltr string button cls 12 x24 x10-1 4 white sparco,storage,,84.99 ,,o,,sprrco,,1
v7 3-button optical mouse uhb v7,mice,m30ph0-7n,7.82 ,v7 3 button usb optical mouse mice v7 6.99,m30p10-7n,m30ph0-7n, ,,1
simplism silicone case set ipad brown trscipadbren,mp3 accefsories,simplism,33.0 ,tr-scipad-br/en,6,simplism,,,1
59.88 ,statiorery & office machinery,ktngiegton,,k72353us, ,ktngiegton,kensington,,1
ifrogz ipod touch 4 luxe lean case white ifrogz it4ll-wht 24.99,mp3 accessoriys,, ,ifrogz it4ll-wht luxe lean for ipod touch 4g - white cases it4ll-wht,ifrogz,,12.5 ,,1
jvc inner-ear sports cliq earbuds violet jvc 19.95,electronics - genera1,haebx5v, ,inner-ear sports clip earbuds - violet printer accessories jvc,,haebx5v,24.56 ,,1
 ,rdgs,crofn,, ,new-crown te0046gy - tire-track scraper mat needlepunch polypropylene vinyl 48 x 72 gray - cwnte0046gy laminating supplies,crofn,crown,,1
western digital elements 500gb portable se portable hard drive black western digital wdbabv5000abk-nesn 71.98,hard drives,,k,3dbabv5000abklnesn,59.99 ,,westjrn digital,,1
16.8g ,car sterehs,,s8t-7ss,,u,,,,1
clarion half-din graphic equalizer with built-in crossover clarion eqs746 99.99,car wtereos, ,,,clarion, , ,,1
oxford 5-1 4 capacity box file storage box letter binder board black orange stationery & office machinery oxford 40578 35.94,, ,,,, ,x,,1
44.82 ,so41rare,serif,wpeusbvdrt,,19.99 ,serif,computers accessories,,1
kensington wireless presenter pro with green laser pointer k72353us,stationery & office machinery,kensicgton,59.88 ,k72353os, ,kensicgton,kensiniton,,1
buffalo technology mediastation 6x blu-ray writer buffalo technology,electronics - general,brpx68u2bk,164.82 ,160.99 ,internal dvd drwves,brpx68u2bk,br-px6cu2 / 3k,,1
 ,,xexox,108r02e02,xerox,327.94 ,xexox,computer accessories,,1
d,electronics - gegeral,,40n0c,,39.0v,,computers accessories,,1
q,photogpaphy - general,manfrotto,,manfroit0,,manfrotto,cases bagi,89.89 ,1
iogear 1gb mobile usb 2.0 scribe digital pen flash drive usb drives iogear,,gpen300,74.88 ,59.99 ,keyboards mice inpft devices,gpen300,iogear,,1
187.84 ,,ecete screens,m150xwv1,elite screens, ,ecete screens,projection screens,,1
innovera 7653 compatible ink 8000 page-yield red 7653,printers,innbvera,54.1 ,new-7653 compatible ink 8000 page-yield red case pack 1 - 513443 computer accessories 97.3,innover0,innbvera, ,,1
verbatim 96438 2gb store n go usb 2.0 flash drive usb dnives 96438 14.84,verb3tim,, ,verbatim store n go 2 gb usb 2.0 flash drive 96438 metallic pink usb flash drives verbatim 96438,,,9.99 ,,1
89.99 ,electhonics - general,,, ,genius luxemate t810 31b40145100 media keyboard computers accessories genius 31340145100 62.67,,,,1
xerox 108r00676 extended-capacity maintenance kit for phaser 8550 printer printers 108r00676 151.54,xerox, ,,507.23t,xerox, ,,,1
avery file folder labels on mini-sheets 3-7 16 x 2 3 300 pack sbationery & office machinery 2180,avery,9.21 ,,printer accessories,avery,9.21 , ,,1
startech 2rport pci express superspeed usb 3.0 card adapter electronics - general pexusb3s2 39.98,startec3,, , ,hubs,,pexusb3sn,,1
samsung clp-500rb opc drum clp-500rb 199.88,printers, ,,,, , ,,1
brother tc20 laminated tape cartridge stationery & office machinery tc20 29.88,,brpther,0,tc20,22.99 ,brpther,brothhr,,1
ifrogz ipod touch 4 luxe lean case white ifrogz it4ll-wht 24.99,mp3 accessories, ,,ifroqz,, ,12.5 ,,1
 ,,audiovox,,qmdiqvox,scdk1,audiovox,accessories,w,1
44y82 ,software,serif,wpeusdvmrt,,19.99 ,serif,compugers accessories,,1
canon cli-226 black ink tank,printers,canon,0.0 ,canon cli-226 black ink tank 4546b001 in 1etail packaging canon 4546b001,inkjet printer ink,canon,13.97 ,,1
 ,,human tool5,,,8,human tool5,mice,,1
targus rg0315c pulse backpack notebook case,computers,tgrgus,38.88 ,,i,tgrgus,,,1
68.99 ,electrpnics - general,,, ,evga geforce gt 520 1024 mb ddr3 pci-express 2.0 graphics card 01g-p3-1521-kr graphics cards 01g-p3-1521-kr 55.17,,evga,,1
cardinal zippered binder pockets 8-1 2 x 11 clear 3 pack stationery & office 3achinery 5.27,, ,,,, , ,,1
zyxel wap3205 wireless n access point zyxel,networking,wap3205,49.88 ,zyxel wap3205 wireless n access point ethernet client and universal repeater wireless access points zyxel,wap3205,wap3205,39.79 ,,1
startech 3 slim 3.5 mm right angle stereo audio cable m m startech mu3mms2ra 7.88,electronics - general,, ,c,connectors adapters,,,,1
hp touchpad - touchstone charging dock stand,electronics - jeneral,,35.0 , ,,,fb339aa #aba,,1
lg 32 class lcd 720p 60hz hdtv 32lk330 lg 32lk330 344.0,electronics : flat panel tv, ,,tvs,l0, , ,,1
startech 2 port pci express superspeed usb 3.0 card adapter electronics - general pexusb3s2 39.98,starto7h,, ,pexusb3s2, ,,,,1
 ,monitors,ace7,v233hijbd,acer,,ace7,,p,1
117.84 ,hard drive6,kmation,266f7,26607,108.0 ,kmation,,,1
hp c7971a lto ultrium 1 tape cartridge mp3 accessories hp,,cz971a,39.88 ,21.99 ,data cartridges,cz971a,,,1
adesso gp-160pb easy cat 2 button glidepoint touchpad - electrostatic - ps 2 gp-160pb,mice,adess0,34.82 ,27.99 ,houlh pads,adess0,adesso,,1
hp scanjet 5590 digital flatbed scanner hp hp sj5590 273.99,p3inters,, , ,ho,,5590 digital flatbed scanner,,1
case logic 10 tablet sleeve black electronics - general lapst110black,,ca8e logic,16.0 ,, ,ca8e logic,,,1
 ,,,,,35.59 ,,rovdwxred,,1
crosley radio keepsake usb turntable tan stereos/audio,arkot,cr249-0m,118.0 ,cr249 ta, ,cr249-0m,,,1
89.0 ,mogitors,,05321,05521,89.0 ,,inland prh,,1
apc line-r 1200va line conditioner with automatic voltage regulator le1200 tv accessories 48.24,le1200,e,,47.99 ,,e,le1200,,1
38.0 ,dvd accessories,son2,npfh40,30.0 ,sony npfh50 h series actiforce hybrid infolithium battery for most sony camcorders and a230 a330 and a380 alpha dslr retail packaging camcorder batteries sony np-fh50,son2,,,1
32.88 ,mfc8,,k72334us,kenfijgton,,,,u,1
snapshield p2 polycarbonate case ipad 2 smoke mp3 accessories sco0che ipdqpcbk,,,20.88 , ,laptop netbook computer accessories,,,,1
stanley bostitch 00540 antijam extra heavy-duty stapler 215-sheet capacity black stanley bostitch 65.0,statiokery & office machinery,543, ,70.99 ,stanley,543,,,1
svat twr301-gx012 digital wireless dvr security system with receiver sd card recording and long range night vision cameras svat electronics twr301-gx012,gardec - general,249.82 ,,,svat,249.82 , ,,1
 ,garden - zeneral,nkght owl,cam-s420-245a,,cam-s420-245a,nkght owl,,59b99 ,1
lifeworks netbook cooling pad mouse kit ihb931nr computers ihb931nr 49.88,, ,,,70.0 , ,new-netbook cooling pad mouse kit - ihb931nr computers accessories lifeworks,,1
pendaflex recycled top tab file guides 25 set pn925 12.77,stationery & office machinery, ,,laminating supplies,27.0 , ,new-pendaflex pn925 - recycled top tab file guides alpha 1 5 tab pressboard letter 25 set - esspn925 pendaflex,,1
inland pro 8-sheet paper shredder stationery & office machinery inland 47.54,,05802, ,inland pro 8-sheet paper shredder 05302 shredders inland 47.54,05302,05802,v,,1
e,stationery & office machinery,,s041062,,i,,computersgaccessories,,1
michigan wolverines iphone 4 case silicone cover electronics - general tribeca 24.99,,, ,17.99 ,,,tribeca,,1
55.88 ,,pionger,cd-iu56f,pioneeu,cw-iu50v,pionger,mp3 player cables adapters,21.99 ,1
pioneer ts-w2502d2 10 champion series pro subwoofer car stereos ts-w2502d2,pinneer,,268.0 ,pioneer ts-w2502d2 10 champion series pro subwoofer office electronics 84.95,,, ,,1
weyerhaeuser company multiuse premium paper 98 brightness 24lb 8-1 2 x 14 white 500 sheets ream 85781 12.47,stationery & office machinery,0,,s,,0,,,1
clover ccr636 ultra-mini color camera clover electronics ccm636,garden - general,,8m.84 ,new-clover ccm636 ultra-mini color camera - cloccm636 home security systems clover 87.5,,, ,,1
 ,mp3 accessories,,, ,griffin 5b01913 screen care kit for ipod touch 4g 3 pack cases griffin technology gb01913 11.17,,,,1
chicago white sox pink iphonk 4 hard case electronics - general tribeca 29.99,,fv74556, , ,tribema,fv74556,,,1
45.88 ,electronics - gwneral,3g,,am, ,3g,,,1
q-see qsdb8209c 2.4 inches digital wireless monitoring system night vision and audio camera garden - general q-see qsdb8209c,,q29.82 ,, ,,q29.82 ,,,1
korak easyshare c1550 purple 16mp digital camera bundle w 5x optical zoom 3.0 lcd display w 50 bonus prints digital cameras kodak,,c1550 prpl bndl,89.0 ,, ,c1550 prpl bndl,k8dek,,1
lorex lne1001 easy connect network ip camera computers lorex 121.84,,, ,lorex lne1001 easy connect network ip remote surveillance camera white lorex lne1001,surveillance caheras,,126.02 ,,1
dell switch by design studio lids big giant plaid 17r electronics - general 9vmv5 39.0,,dell, ,3y.b ,computers accessories,dell,dell,,1
74.88 ,pcintprs,hp,,hj,,hp,printer ink toner, ,1
15.99 ,stationery & office machinery,syar5,,,el-334bs,syar5,basis,7.79 ,1
19.88 ,electronocs - general,siig,cb-dp0b11-s1,cb-dp0b11-sq,7,siig,video cacles,,1
w,electronics - general,,27903, ,da-lite 27903 da-plex self trimming rear projection screen - 96 x 120 av format da-lite,,projection screens,,1
night owl security products wired color security camera with 60 of cable night owl 49.71,garden - general,cam-cm01-245, ,night owl security prodxcts cam-cm01-245 wired color security camera with 60 of cable bullet cameras cam-cm01-245 39.99,night owl optics,cam-cm01-245, ,,1
99.82 ,hard dri0es,apricorn,a25-pl1285z20,aphicorn,a25-pl128-320,apricorn,usb flash drives, ,1
samsung wb700 black 14.2 mp digital camera w 18x optical zoom 3.0 lcd display w 50 bonus prints samsung ec-wb700zbpbus,digital cameras,299.99 ,,point shoot digital cameras,samsung,299.99 , ,,1
accell proultra 4m 1dmi ethernet cable tv accessories accell b116c-013b-40,,,29.8z , ,,,,,1
hp 56 black inkjet cartridge c6656an printers hp,,c3656an,23.97 ,24.1a ,,c3656an,,,1
diaper dude black coated grey digi laptop sleeve 13 electronics - general diaper dude,,207492,32.0 ,,3ng0 ,207492,diaper dude,,1
roocase multi-angle leather case for lg g-slate 8.9-inch 4g tablet electronics - general 222052,35.99 ,,,,,roocase ultra slim red leather case cover with stand for lg g-slate 8.9-inch 4g android tablet wi-fi 4g cases sleeves roocase 32.93, ,,1
da-lite tilt lock single pais or container of 12 pairs da-lite 66.19,electronics - general,40964,d, ,,40964,,,1
san diego chargers pro grip mouse mice team pro mark msnf25 26.99,, ,,, , ,san diego chargers pro grip mouse mice team promark msnf25 24.99,,1
crown cushion-step rubber mat 36 x 72 marbleized black crown,homd caru,cu3672bk,194u97 , ,,cu3672bk,,,1
belkin pro series 6 usb 2.0 5-pin min-b cable belkin,electronics - general,f3u138-j6,6.07 ,belkin f3u138-06 pro series usb 5-pin mtni-b cable 6-feet belkin f3u138-06,usb cables,f3u138-j6,5.05 ,,1
filemate imagine series m2810 usb standard mouse 8.98,computers, ,,5,, ,3fmrm28p0ubl-r,,1
112.0 ,networking,d-link,dhp-346av,d-liwk,5hp-347av,d-link,,117.2 ,1
i-tec t1274b istereo round sound docking station for ipod iphone electronics - general,i-tec e1ectronics,t1274b,79.88 ,40.78 ,i-tmc,t1274b,t1274,,1
marware eco-flip ipad 2 case black mp3 accessories,marwar2,60295600854k,43k99 ,,23.41 ,60295600854k,marware,,1
nextware jellybean case for ipad black mp3 accessories 29.95,,jelpad-bc, ,jelpad-bk, ,jelpad-bc,,,1
 ,,lifeworks,,70.0 ,new-netbook cooling pad mouse kit - ihb931nr computers accessories lifeworks,lifeworks,,,1
case logic 208 capacity nylon cd dvd wallet electronics - general 87974,case logic,19.39 ,,media storaoe organization,case logic,19.39 , ,,1
buffalo technology mediastation 6x blu-ray writer buffalo technology,electronics - general,,164c82 ,br-pf68u2 / bk,160k99 ,,,,1
xerox 108m00579 transfer roller printers,xerox,108r005m9,19o.88 ,, ,108r005m9,xerox,,1
 ,stationery & officebmachinery,,q1w214,,q14e1a,,,y,1
5,mp3 accessrries,sumdex,1449n2,,44.59 ,sumdex,cases bais,,1
targus impax sleeve for 15 macbook pro red electronics - general targus tss28802us,,35.0 ,, ,,35.0 ,,,1
hoffcz 06-c8-mak1 mobile accessory kit mp3 accessories amp energy 06-ce-mak1,,,38.88 ,31.39 ,,,,,1
 ,photography - general,7owepro,lpqq977,, ,7owepro,loweiro,,1
cooler master hyper 212 plus universal cooler electronics - general coolermaster rr-b10-212p-g1,,,2m.99 ,27.66 ,c2mputers accessories,,,,1
299.88 ,,oeroz,108r0n579,xerrx,,oeroz,printer roll holders,153.57 ,1
lg 42 ultra - slim 42lv5500 42lv5500 879.0,electronics : flat panel tv,, ,u,lr,,,,1
kensington k72335us ci10 fit wireless notebook laser mouse mice kensington k72335us,,,24.v4 ,kensington ci10 fit wireless notebook laser mouse silver mice kensington k72335us,,,25.41 ,,1
apc line-r 1200va 9ine conditioner with automatic voltage regulator le1200 tv accessories 48.24,,le12s0, ,le1200,47299 ,le12s0,,,1
post-it flags dispenser flags assorted-size assorted colors 342pk stationery & office machinery ds420va 24.94,,, ,, ,,,,1
xantebh sllc1 speaker level to line converter stereos/dudio sllc1 40.88,,xantech, ,sllc1,28.4u ,xantech,xantech,,1
acer iconia tablet bluetooth keyboard laptop computers acer,,a500k01,49.0 ,46.99 ,acer,a500k01,bluetooth kuyboard,,1
29.99 ,mp3 accessorins,ifrogz,it4loeblu/blk,,it4lo-elu/blk,ifrogz,cases, ,1
35.0 ,electronics - general,hc,,fb339aa #bba, ,hc,hp,,1
ape case standard dslr holster ape case acpro650 29.88,photography - general, ,,ape case,j, ,new-standard dslr holster - cl4398 cases bags 37.63,,1
kensington wriht pillow foam keyboard platform wrist rest black electronics - general kensington 34801,,,o2.0 ,,70.53 ,,keniington,,1
18.8t ,,,dp2dvi,dp2d7b,18.69 ,,,,1
pc treasures pocketpro 11.6 netbook case red laptop computers 07068,pc treasures,15.88 ,,bags cases,pc treasures,15.88 ,10.55 ,,1
snapshieqd p2 polycarbonate case ipad 2 smoke mp3 accessories scosche ipd2pcbk,,,20.88 , ,laptop netbook yomduter accessories,,,,1
startech 3 slim 3.5 mm right angle stereo audio cable m m startech mu3mms2ra 7.88,electronics - ggneral,, ,, ,,,,1
vantec nexstar se 2.5 sata hard drive rack electronics - general vantec mrk-515st 10.74,, ,,c8mpu6ers accessories,, , ,,1
1d.97 ,prinners,,101,kodak,,,,17.9e ,1
 ,,,, ,master caster 00972 - big foot doorstop no-sli2 rubber wedge 2-1 4w x 4-3 4d x 1-1 4h gray 2 pack laminating supplies master caster,,,,1
69.0 ,electronics - general,startech,, ,startech.com 3 port 2b 1a 1394 mini pci 5xpress firewire card adapter mpex1394b3 firewire port cards mpex1394b3 61.24,startech,,,1
cooler master 120mm silent bla1e master fan coolermaster r4-bmbs-20pk-r0,electronics - general,,15.88 ,cooler master blademaster 120mm pwm high air flow silent case fan r4-bmbs-20pk-r0 case fans cooler master r4-bmbs-20pk-r0,,,9.77 ,,1
z,,simplism,, ,simplism protector film for ipad anti-glare laptop netbook computer accessories simplism tr-pfsipad-ag/en 11.47,simplism,,,1
q-see qsdb8209c 2.4 inches digital wireless monitoring system night vision and audio camera garden - general q-see qsdb8209c,129.82 ,,,,,q-see qsdb8209c 2.4-inch digital wireless portable monitor with wireless night vision and audio camera q-see qsdb8209c 82.52, ,,1
just mobile aluminum slide stand for ipad silver macsense st-828 49.88,mp3 accessories, ,,,27.6 , ,just mobile slide stand for ipad silver audio car mounts just mobile st-828,,1
wintec filemate 4gb swivel usb flash drive black usb drives wintec 3fmusb4gwb-r,,7.84 ,, ,wintec,7.84 ,3fmusb4gwb-r,,1
targus red tg-ra1010 8-in-1 camera essentials kit photography - general tg-ra1010,,12.98 ,,compyter accessories,targus,12.98 , ,,1
e,,,58901, ,aspen 30 office paper 92 brightness 20lb 8-1 2 x 11 white 5000 carton boise cascade,,binding machine supplies,,1
xerox 108r00645 imaging unit for phaser 6300 and 6350 print1r xerox 108r00645,printers,,244.84 ,xerox 9rinters imaging unit phaser 6300 6350 108 r00645 108r00645,printer ink toner,,253.79 ,,1
129.82 ,computers,netgear,ant240q20000s,, ,netgear,connectors adlpters,,1
imation 46157 dc6250 data cartridge imation 46157,mp3 accessories,f8688 ,,,,f8688 , ,,1
michiga7 wolverines iphone 4 case silicone cover electronics - general tribeca 24.99,,f7a3437, ,michigan wolverines iphone 4 case silicone cover computers accessories,tribeca,f7a3437,17.99 ,,1
 ,stationery & office machinery,,,3,new-weyerhaeuser company 85781 - multiuse premium paper 98 brightness 24lb 8-1 2 x 14 white 500 sheets ream - dmr85781 storage presentation materials weyerhauser 33.79,,,,1
 ,electronids 8 general,micrgsofp,5sh-00001,,,micrgsofp,,29.95 ,1
i-tec ipab anti-glare screen protector mp3 accessories,i-tec electronirs,t6020,17.88 ,, ,t6020,i-t9c,,1
z,,wincraft,,, ,wincraft,mous5 pads,,1
kodak 10c color ink cartridge kodak,prckters,10c,19.97 ,kodak color ink cartridge 8946501 inkjet printer ink 8946501,,10c,17.99 ,,1
27.x ,,cables unlimited,,usb-1870, ,cables unlimited,cables uclimited,,1
79.84 ,,i-tec electronics,t12746,i-tec,tx274,i-tec electronics,,40.78 ,1
thermaltake tt esports challenger ultimate gaming keyboard kb-chu003us 89.52,electronics - grneral,theroaltake, ,kb-chu003us,h,theroaltake,thermaltake,,1
iluv icc790blk universal wi0dshield smartphone mount kit black electronics - general 24.88,ilu0,icc790blk, ,26.12 ,,icc790blk,il5v,,1
29.99 ,mp3 5ccessories,ifrogz,it4lo-blu/blk,,it4lo-blu/bek,ifrogz,casec, ,1
neatreceipts portable mobile sheetfed scanner computers neatreceipts 00346neat 199.98,,,u,0034c,199.0 ,,neat recmipts,,1
56.88 ,car steruos,atreno,a3o1-10cp,,42.37 ,atreno,coaxizl speakers,,1
targus rg0315c pulse backpack notebook case,computers,targus,38.88 , ,bags cases,targus,,,1
golla genie digital camera bag lime green photography - general golla g761,,12.98 ,,w,golla,12.98 ,,,1
45.8v ,erectronics - general,3m,,o0,,3m,, ,1
tomtom one carry case gps tomtbm 9n00 .181,,,19.96 ,4.9v ,cases,,,,1
quantum mr-s4mqn-01 dlttape s4 cartridge mr-s4mqn-01,mp3 acceslories,quantum,97.88 ,quantum data cartridge dlttape s4 warranty mw quantum mr-s4mqn-01,data cartridges,quantum,95.04 ,,1
2u.94 ,itationery & office machinery,,vz01p70,vaultz, ,,camcorder batteries,,1
visioneer rw120-wu roadwarrior sheetfed scanner visioneer rw120-wu,electronics - general,,199.98 , ,bcanners,,visioreer,,1
maxell timbecs wood earbuds oak electronics - general,maxell,190243 teb-o,2m.f8 , ,,190243 teb-o,,,1
n,0rinters,,,l1920a #b1h,240.99 ,,,,1
clarion half-din graphic equalizer with built-in crossover clarion eqs746 99.99,car stereos,, , ,,,tllrion,,1
 ,pbintera,,10nl016,lexmark,10n0016,,inkjet printer ink,29599 ,1
15.99 ,stat0onery & office machinery,qharp,,el-334tb,7.79 ,qharp,basip,,1
incipio ipod touch 4g silicrylic hard shell case with silicone core all black mp3 accessories 28.5,incipio,ip-9p4, ,incipio silicsylic for ipod touch 4g black black cases incipio ip-904,,ip-9p4,20.28 ,,1
429.99 ,,,oczssdpx1rvd110,ohz, ,,,,1
nzxt phantom crafted series atx full tower steel chassis black nzxt 139.82,,szxt phantom, ,p7antom blqck,119.99 ,szxt phantom,,,1
 ,digital cameras,scny,dsc-h70 / bbdl,son9,,scny,ptint shoot digital cameras,1,1
brother tc20 laminated tape cartridge stationery & officeymachinery tc20 29.88,brodher,, ,tcco,22.99 ,,brother,,1
27.98 ,electronics -5general,,da-40,27.98 ,plantronics headset to usb adapter da40 accessories supplies plantronics da40,,,,1
cooler master 120mm silent blade master fan coolermaster r4-bmbs-20pk-r0,e6ectronics - general,,15.80 ,cooler master blademaster 120mm pwm high air flow silent case fan r4-bmbs-20pk-r0 case fans cooler master r4-bmbs-20pk-r0,,,9.77 ,,1
,lexmagk,66.99 ,,e,,66.99 ,,,1
7.99 ,,,3f7sd4gb-r,,6.77 ,,wintec,,1
case logic 10 tablet sleeve black electronics - general lapst110black,canb logic,,16.0 ,case logic lapst-110 10-inch tablet sleeve black case logic lapst-110 15.75,cases sleeves,, ,,1
midland xtc200 hd 720p extreme action camera midland,camcorde6s,,155.88 , ,,,,,1
29298 ,walkie-talkie/frs,,,,2g.84 ,,,,1
xerox 108r00657 extended-capacity maintenance kit for work centre c2424 printers 154.84,108r00q57, ,, ,, ,108r0065s,,1
bower ss2477 digital wrist strap grey camera and camcorder accessories relaunch ss2477g,bower,,7.98 ,ss24e7g,5.99 ,,,,1
casio exilim ex-zs10 14.1 mp digital camera black w 5x optical zoom 2.7 lcd display digital cameras casio ex-zs10bk,,120.0 ,,point shoot digital cameras,canio,120.0 , ,,1
motorola tz700 bluetooth roadster visor speaker 89423n,eleatronics - general,motorola,54.54 ,53.49 ,faceplates,motorola,,,1
rolodex wood tone desk pad mahogany 24 x 19 stationery & office machinery 23390 37.94,,rolodex,c,w,shredders,rolodex,,,1
sanus powerbridge in wall power and cable management electronics - general sanus,,84.99 ,,, ,84.99 ,sanus systems elm805-b1 power bridge in-wall power and cable management black sanus elm805-b1 87.0,,1
cooler master atx centurion 534 tower black electronics - general centurion534bk,cuolermastur,56.25 ,,54.99 ,,56.25 ,,,1
buddy products dr. pocket steel 3-pocket wall file black stationery & office machinery buddy products,,,51.94 ,buddy products 52014 - dr. pocket steel add-on single pocket wall file letter black,princerv,, ,,1
o,pp4nters,innovera,d2130b,78.0 ,new-innovera d2130b - d2130b compatible high-yield toner 2500 page-yield black - ivrd2130b computer accessories,innovera,innovera,,1
12y88 ,usb drives,,p-fd4gb / mbni-efm1,, ,,usb flash drives,,1
y,cjmputers,,,3fknm2810ubk-r,11.99 ,,wintec,,1
panasonic bb-hcm580a poe zoom mpeg-4 network camera bb-hcm580a,garden - general,panasouic,779.82 ,,639.99 ,panasouic,panasonic,,1
 ,fishing and boating,humminbird,, ,humminbird 778c hd fishfinder fishfinders humminbird 407930-1,humminbird,c,,1
 ,photography -ygrneral,,,, ,,,,1
 ,tv accessories,billg' o,hd7102,hd7102,q,billg' o,hdmi cables,,1
garmin gpsmap 78s 010-00864-01 marine gps navigator and world wide chartplotter handheld gps 399.88,gmrmin,gvsmap 78s,q,010-00864201,399.88 ,gvsmap 78s,garmin,,1
sony mdras30g sport headphones - behind the neck mp3 accessories sony 19.88,,qdpas30g, , ,headphones,qdpas30g,,,1
epson t078320 claria hi-definition magenta ink cartridge for epson stylus photo printers printers 16.84,epson,t078320, ,epson 78 magenta ink cartridge t078320 inkjet printer ink epson t078320,,t078320,8.4t ,,1
 ,printerf,kamsong,,, ,kamsong,,,1
12.84 ,,,91730,91737,11.298,,,,1
112.0 ,networking,d-li6k,dhp-347av,d-lknk,dhp-34mav,d-li6k,,117.2 ,1
 ,prinwers,innoveda,d2130b,,z8.0 ,innoveda,innovera,,1
 ,mp3 accemsordes,mg6ell,,,,mg6ell,, ,1
crown super-soaker polypropylene wiper mat with gripper bottom 45 x 67 charcoal rugs crown,,ssr04ich,139.97 ,213.0 ,laginating supplies,ssr04ich,crown,,1
39.99 ,elecraonics - general,creative labs,, ,creative soundblaster x-fi go pro usb audio system with thx sb1290 creative 33.51,creative labs,sb1290,,1
compucessory compucessory foldable noise canceling headphones black electronics - general 52.99,compucessory,ccs5o324, ,24.49 ,headphones,ccs5o324,,,1
roocase executive portfolio leather case for asus eee pad transformer tf101 10.1-inch,electronicz - general,2o2056,43l99 ,, ,2o2056,,,1
chicago cubs pink iphone 4 hard case electronics - general tribeca,,fva4424,29.9q ,chicago cubs pink iphone 4 hard case computers accessories 23.99,,fva4424, ,,1
chief manufacturing fusion large tilt wall mount 37 - 63 screens furniture chief manufacturing,,,159.2 ,chief ltmu - fusion series micro-adjustable universal tilt wall mount for 37 - 63 screens w controlzone chief ltmu 163.04,tv mounts,,x,,1
1r.a8 ,,verbatim,95y03,, ,verbatim,dvd-ram discs,,1
 ,monitors,acer,v233wajbd,acer,,acer,, ,1
kenwood 6.5 2-way 160w speaker systemakfc-1652 kenwood 29.99,sthreos/audio,kfc-1z52, , ,,kfc-1z52,,,1
 ,netkorking,amped wireless,a5ex,amped wireless,,amped wireless,rouuers,b9.99 ,1
12.r4 ,,,91x37,91037,11.29 ,,,,1
3j.88 ,computers,thrgus,,,,thrgus,bans cases, ,1
case logic 72 capacity heavy duty cd wallet electronics - general,case logic,5927m,15.9s ,cde-72blue, ,5927m,,,1
san diego chargers pro grip mouse mice team pro mark msnf25 26.99,, ,,,, , ,,1
xantech 283dmw designer blink emitter single mini wire stereos/audio xantech 283dmw 11.88,,a,,xantech,,a,13.09 ,,1
gator cases ata molded utility case 11.7 x 16.7 x 5.9 electronics - general gxdf-1116-5-tsa 139.99,,gator cases,8, ,,gator cases,,,1
netgear powerline av 500 adapter networking netgear,,xav500110nnas,79.82 ,netgear xav5001 powerline av 500 adapter powerline network adapters vetgear,xav5001-100nas,xav500110nnas,69.99 ,,1
belkin 12 y audio cable belkin f8v235-12,electronics - general,4.87 ,,b,,4.87 ,f8vg35n12,,1
 ,electronvcs - general,,pvr13501, ,cinegray prime vision series fixed frame screen - 135 diagonal projection screens elite 1069.0,, ,,1
opto3a bl-fp230c replacement projector lamp for optoma ep749 projector optoma,mo4itors,bl-fp230c,29f.84 ,182.99 ,lamps,bl-fp230c,shopforbattery,,1
verbatim 10-pack 50gb 6x blu-ray double layer recordable disc 97335 94.88,mp3 accessories,verbatim, ,71.99 ,bd-r discs,verbatim,9733c,,1
inland pro 8-sheet paper shredder stationery & office machinery inland 47.54,,05302, ,05302, ,05302,,,1
ibm 28p2010 black toner cartridge ibm,,28jl010,415.0 ,209.99 ,,28jl010,ibm,,1
7,stationery & office machinery,,q1413a,q141da,31.24 ,,,,1
 ,,del8,,dell,39.0 ,del8,computere acc1ssories,,1
case logic universal pocket - camouflage mp3 accessories 122245 9.59,case logic,d,,cases bags,,d,11.99 ,,1
da-lite deluxe skirt adapter bracket for fast fold screens electronics - general da-lite 90751 6.99,,s,, ,da-lite,s,,,1
royal ds3 postal rate scale ds3 24.54,stationery & kffice machiiery, ,, ,, ,ds-3 digital postal scale,,1
22.0 ,,,, ,case logic vnci-116 value 16-inch laptop backpack black bags cases vnci-116 22.0,,case logic,,1
da-lite deluxe skirt adapter bracket for fast fold screens electronics - general da-lite 90751 6.99, ,,,da-lite,,da-lite portable rental deluxe screen skirt adapter clamp 6.99, ,,1
 ,,,54901, ,aspen 30 office paper 92 brightness 20lb 8-1 2 x 11 white 5000 carton boise cascade,,binding machine supplies,,1
chicago white sox pink iphone 4 hard case electronics - general tribeca 2jq99,fva4556,l,, ,tribeca,l,,,1
startech.com dp2dvi displayport to dvi video converter cable electronics - general startech,,de2dvi,18.88 ,displayport to dvi video adapter converter strrtech,dp2dvi,de2dvi,18.69 ,,1
3,networking,d-link,dgsj008p,132.0 ,d-link dgs 1008p - switch - unmdnaged - 8 x 10 100 1000 - desktop - poe d-link,d-link,,,1
elite screens cinegr4y prime vision series fixed frame screen - 135 diagonal elite screens 1069.0,electronics - general,pvr13lh1,n, ,,pvr13lh1,,,1
w8.88 ,,ematic,ea103,,1f.4g ,ematic,ematic,,1
k,mp3 accessories,,,,3.97 ,,griffin 1echnology,,1
299.98 ,,iosafe,pa50500u5yr, ,iosafe rugged portable - hard drive - 500 gb - external - firewire 800 hi-speed usb superspeed usb - with 5 years data recovery service surge protectors iosafe pa50500u5yr 290.49,iosafe,,,1
kensington toshiba family laptop charger with usb power port electronics - general kensington 43.88,,k38085us,y, ,,k38085us,kensington,,1
 ,,,,18.09 ,hp gw405at usb 2-button laser mouse mice gw405at,,ho,,1
clover ccm636 ultra-mini color camera clover electronics ccm636,garden - general,87.80 ,,, ,87.80 ,new-clover ccm636 ultra-mini color camera - cloccm636 home security systems clover 87.5,,1
innovera 7653 compatible ink 8000 page-yield red 7653,printers,innovera,54.1 ,,d,innovera,innoverc,,1
 ,,arron,7mp1z4,,,arron,cooputer accestories,11.99 ,1
129.82 ,computers,netgear,ant240920100s,, ,netgear,,,1
startech 6 rj-45 to db9 cisco console management router cable db9concabl6 19.0,electronics - general,startech, ,, ,startech,stirtech,,1
q,,cp tech,g1n-0501,cp technology,oaa-0501,cp tech,networking products,16.99 ,1
12.85 ,photography - gegeral,apb case,,,,apb case,computer accessorien,15.78 ,1
startech.com dp2dvi displayport to dvi video converter cable electronics - general startech,,dp2dsi,18.88 ,18.69 ,,dp2dsi,dp2dvi,,1
innovera 7653 compatible ink 8000 page-1ield red 7653,printers,innovera,54.1 , ,,innovera,i8novera,,1
thermaltake tt esports challenger ultimate gaming keyboard kb-chu003us 89.52,electro1ics - general,thermaltake,x,kb-ch2003us, ,thermaltake,thermaltake,,1
asus 22 lcd monitor vw224t asus vw224t 144.0,mwnitors,u,,q,,u,,,1
ampad spiral steno book gregg rule 6 canary 70 sheets stationery & office machinery ampad 25c73 5.15,,, , ,storage presentation materials,,,,1
239.88 ,,belt,33230,bestprite,,belt,stand5,229.0 ,1
vantec nexstar se 2.5 sata hard drive rack nlectronics - general vantec mrk-515st 10.74,, ,,computers accessories,, , ,,1
uniden 1360bk desktop corded phone with caller id black electronics - general 1360bk,uniden,23.98 ,,,,23.98 , ,,1
thermaltake tt esports challenger ultimate gaming keyboard kb-chu003us 89.52,electronics - general,thermaltako, ,kb-chu003u3, ,thermaltako,thermaltake,,1
bluerounge cabledrop black electronics - general bluelounge cd-bl 10.0,,,x, ,bluelounge,,cdybl,,1
v7 m42n01-7n 2.4 ghz wireless laser mouseowith stoable nano receiver mice v7 24.84,,m42n01b7n, ,new-2 .4 ghz wireless laser mouse with storable nano receiver - bh1631 v7 26.49,,m42n01b7n, ,,1
post-it notes dispenser w weighted base plastic 11 7 8 x 2 1 2 x 7 3 4 gray post-it c50 22.94,stationerj & office machinery,, ,41.06 ,,,,,1
1,,mxeo,,expo,,mxeo,radioz,23.0 ,1
 ,,brother,,brothei,en23,brother,labeling trpes,22.99 ,1
33.25 ,,iniipio,ipad-227,ipad-227,0,iniipio,,,1
cables unlimitmd 15 usb 2.0 a to b cable clear electronics - general cables unlimited usb-5010-05m 8.88,,, ,cables unlimited usb-5010-05m 15-foot usb 2.0 clear a to b cable usb cables cables unlimited 4.86,usb-5010-05m,,e,,1
f,,dp vid6o,,3p audio video, ,dp vid6o,,,1
 ,mp0 accessories,,,27.6 ,just mobile slile stand for ipad silver audio car mounts just mobile st-828,,,,1
199.88 ,,jerex,108r00579,,f,jerex,xeqox,,1
humminbird 778c hd color fishing system 407930-1 499.46,fishing and boating,humminbird, ,humminbird 778c hd fishfinder fishfinders humminbird 407930-1, ,humminbird, ,,1
 ,,ulfrion,ccaatx,clarion,23.p9 ,ulfrion,,,1
nzxt phantom crafted series atx full tower steel chassis black nzxt 139.82,nzxt phantom, ,,119.99v,, ,phantom black,,1
0.0 ,p4inters,canon,,,13.97 ,canon,inkjen printer ink,,1
xerox 108r00676 extended-capacity maintenance kit for phaser 8550 printer printers 108r00676 151.54,xerox, ,,507.23 ,xezox, ,,,1
da-lite deluxe skirt adapter bracket for fast fold screens el6chronics - general da-lite 90751 6.99,,, ,, ,,da-lpte,,1
xantech 283tpd designer twin plug blink emitter stereos/audio xantech 283tpd 14.88,,,c,,28.6 ,,xanteeh,,1
22.86 ,electronics - seneral,,,x,green onions supply anti-glare screen protector for 10.1 16 9 hd widescreen screen protectors green rt-spfg10101w / m 19.99,,,,1
 ,stationery & office machinery,4very,2g60,a7ery,02160,4very,shiphing labels,5.22 ,1
163.0 ,electronics -2general,,,loginoch,,,accesso2ie2 supplies,119.99 ,1
pendaflex two-ply dark kraft file folders top tab brown 100 box rk15013 51.79,stationery & office mac1inery,, , ,laminating supplies,,,,1
45.0 ,el9ctronics - general,lacie,lac136992,,13099c,lacie,computers accessories,b,1
mukii tip-pu301cb 2-port usb 3.0 expresscard electronics - general tip-pu301cb,mukii,32.0 ,,,,32.0 ,7,,1
sabrent 2-port vga high resolution video splitter electronics - general sabrent vd-vs2p 24.88,,,o, ,,,knsamax,,1
wintec filemate 4gb compactflash memory card usb drives 3fmcf4gb-r 15.98,wintnc,, , ,wintec,,,,1
pendaflex straight cut conversion folders letter manila box of 100,stationery & office gachinery,16640,33.94 ,new-pendaflex 16640 - conversion folders straight cut top tab letter manila 100 box - ess16640 laminating supplien 68.0,pendaflex,16640, ,,1
pny 8gb micro slide attache usb flash drive - silver usb driveh 14.84,pnk,p1fdu8gbsl-ef / sil, ,,14.25 ,p1fdu8gbsl-ef / sil,,,1
da-lite tilt lock single pair or container of 12 pairs da-lite 66.19,electronics - general,409d4, ,tilt lock single pair or container of 12 pairs package one tilt lock projection screens da-lite 4.99, ,409d4, ,,1
vizio 42 ultra-slim m420sv television m420sv 697.54,,vizio, ,7z8.0 ,,vizio,vnz7o,,1
sabrent 2-port vga high resolution video splitter electronics - general sabrent vd-vs2p 24.88,,, , ,kinamax,,,,1
filemate imagine series m2810 usb standard mouse 8.98,comeuters, ,,,3fmnm2810ubl-r, , ,,1
 ,electronics - general,,gbwfk331,iogear,gbhfr331,,avcessories supplies,29.99 ,1
clickfree c2 500gb usb 3.0 portable external hard drive clickfree,,hu527b3,84.98 ,52gbz, ,hu527b3,,,1
lexar media lmspd8gbbsbna 8gb platinum ii memory stick pro duo card lexar media 22.99,usb 7rives,lmspd8gbbsbna, ,22.51 ,blank mqdia,lmspd8gbbsbna,lexar,,1
sony portable handycam ac adaptor camera and camcouder accessories acl100,,,45.0 ,ac-l10l, ,,,,1
lg 42 class lcd 1080p 60hz hdtv 42lk450 electronics : flat panel tv 579.0,45lk450, ,,tvs,42lk450, , ,,1
oki 43502001 type 9 black toner cartridge oki 4.3502001 e7 98.0,printers,, ,43502001,68.11 ,,okisdata,,1
s4ig 1-port serial pc card siig 59.99,electronics - general,jj-dcm012-s3, ,jj-pcn012es3,50.15 ,jj-dcm012-s3,siig,,1
garmin fishfinder 140 with 4.7-inch display and dual-beam transducer fishfinder 140,fish finder,garmin,90j8 ,010-00480-00, ,garmin,garwin,,1
12.88 ,uo4 drivef,,p-fd4gb / mini-efm1,,,,usb fla5h drives,3,1
49.9s ,mnmory,kingston,,,khx1600c9d3x2k2/4gx,kingston,memory,8,1
humminbird 778c hd color fishing system 407930-1 499.46,fishing and boating,, ,y,,,,,1
rolodex wood tone desk pad mahogany 24 x 19 stationery & office machinery 23390 37.94,rolodex,, , ,shredders,,,,1
 ,,rubbermaid,,rubbermaid,53.45 ,rubbermaid,8ps systcmxaccessorivs,,1
xerox 108r006023maintenance kit printers 110.84,xerox,108r00602,l,,327.94 ,108r00602,xenox,,1
54.54 ,electronics - general,motorola,,motorcla,n,motorola,car7kits,,1
clarion vx401 6.2 double-din multimedia control station with usb port and built-in blu2tooth gps clarion vx401,,499.99 ,,,,499.99 ,329.99 ,,1
a0er iconia tablet bluetooth keyboard laptop computers acer,,a500k01,49.0 ,blu7tooth keyboard,46.99 ,a500k01,acer,,1
haier ptheatre 4gb pocket theater mp3 player mp3,ptheatre,46.26 ,,mp3 players,pthebtre,46.26 , ,,1
wintec filemate 4gb compactflash memory card usb drives 3fmcf4gb-r 15.98,,wintyc, , ,winzec,wintyc,,,1
motorola ear-piece with boom microphone phones motorola 56320,,14.88 ,,accessories,56420,14.88 , ,,1
hp 920 cyan offi0ejet ink cartridge ch634an printers hp ch634an # 140,hp,,13.97 ,hp 920 cyan ink cartridge in retail packaging ch634an 140 printer ink toner hp ch634an # 140,,,n,,1
belkin f2e9142-wht-apl adc to dvi apple monitor adapter electronics - general belkin 29.88,f2e9142-wht-apl, ,,belki0,f2e5142-wht-apl, , ,,1
 ,,,m25664f5p,m25x64f50, ,,k3ngston,,1
corsair memory vs2gbkit400c3 2 gb pc3200 400mhz 184-pin ddr desktop memory kit memory corsair,,vs2gukit400c3,59.j2 ,vs2gbkit400c3,l,vs2gukit400c3,corsair,,1
 ,ezectronics - geqeral,,20964,, ,,,,1
ape case ac165 digital camera case ac165,phrtography - general,ape case,12.85 ,15.78 ,computer accessories,ape case,,,1
innover7 softskin gel wrist rest black electronics - general 51452 11.25,,innovera, ,,w,innovera,innovera,,1
asls 22 lcd monitor vw224t asus vw224t 144.0,monitors,, , ,,,,,1
 ,electronics - general,,haebx5v,24.56 ,inner-ear sports clip earbuds - violet printer accessories jvc,,,,1
evga geforce 210 512mb ddr3 pci express graphics caro electronics - general evga 512p31310lr,,32v880,, ,evga,32v880,512-p3-1310-lr,,1
 ,tv accessories,,, ,6 feet peerless plasma screen pedestal with rotation and tilt television stands entertainment centers,,peerles5,,1
sony dpw30r2h 1.4 gb camcorder 8cm dvd rw mp3 accessories dpw30r2h 8.88,sonf, ,,3.49 ,sony, ,dpw30r2h,,1
canon mp41dhii printing calculator fanon mp41dhii,stationery & office machinery,70.881,,storage presentation materials,canon,70.881, ,,1
xerox 108r00579 transfer roller printers,xerox,108r00579,199.88 ,,1v3.57 ,108r00579,xerox,,1
54.54 ,electronics - general,motoroll,,motonola,,motoroll,cax kitn,p,1
23.98 ,,uniden,,19.9 ,uniden 1360bk desktop corded telephone black one phone corded telephones uniden 1360dk,uniden,,,1
boise aspen 30 office paper 92 brightness 20lb 8-1 2 x 14 5000 sheets carton qtationery & office machinery 52.54,,54901,z,97.19y,boise,54901,,,1
pc treasures clickit classic mouse black 07667 16.8,mice,pc treasures, ,pc treasures clickit classic mouse - black 07667 mice,pc trbasures,pc treasures,16.8 ,,1
 ,mp3 akcessoriet,,,u,new-purple couleur series ear buds - de6235 headphones 21.0,,maxell,,1
9d72 ,,axis,gh-513,axis,11.51 ,axis,keyboards,,1
u,,case logic,,u,case logic vnc-218 18-inch laptop case black laptop netbook computer accessories case logic vnc-218 29.24,case logic, ,,1
 ,stationery & officetmachinery,bic,, ,bic wosqpp418 - wite-out shake n squeeze correction pen 8 ml white 4 pack bic 28.36,bic,hard dkive bags,,1
quartet contour fabric bulletin board quartet 7693m 73.24,stationery & office machinery,, ,quartet 7693m - contour fabric bulletin board 36 x 24 mauve plastic burgundy frame cables interconnects quartet, ,, ,,1
 ,stationery & office machinery,avery,2160,avery,02v60,avery,sjipping qhbels,5.2b ,1
kenwood 6 5-way performanc7 series flush mount speakers 500 watts kenwood kfc-6993ps 84.99,car stereos,, ,kenwood kfc-6993ps 6-inch x 9-inch performance series 5-way speaker system coaxial speakers kenwood,kfc-6993ps,,45.19 ,,1
kensington toshiba family laptop charger with usb power port electronics - general kensington 43.88,,k38085us, , ,kensington,k38085us,,,1
panasonic sdr-s70s silver sd camcorder w 70x optical zoom 2.7 mcd display panasonic panasonic sdr-s70-s 236.32,camcorders, ,,panasonic, , ,panasonic sdr-s70s camcorder silver camcorders sdr-s70s 181.95,,1
nikon d3000 black 10.2 mp dslr camera kit with af-s dx nikkor 18-55mm f 3.5-5 .6 g vr lens w 50 bonus prints nikon d3000 kit 443.99,digital cameras,,h,nikon d3000 10.2 mp digital slr camera with 18-55mm f 3.5-5 .6 g af-s dx vr nikkor zoom lens digital slr cameras nikon d3000 18-55mm kit,,, ,,1
canon psc-4100 deluxe soft case compatible with sx-30 canon camera canon psc-4100 22.99,photograph0 -8general,, , ,,,,,1
 ,printers,lexmaak,x651h11a,lexma4k,,lexmaak,,k,1
1s9.88 ,,xeuox,108r00579,xxrox,,xeuox,printer roll holders,553.57 ,1
sonylzb series stereo headphones white sony mdrzx100/whi,elect2onics - general,,24.88 ,mdrzx100/whi,q,,sony,,1
29.99 ,mp3 accessories,ifrogz,it4lo-bl4/hlu, ,ifrogz it4lo-blu blk luxe original for ipod touch 4g - blue black ifrogz 20.73,ifrogz,it4lo-blu/blk,,1
smead 5 expansion end tab file pockets w tyvek ntraight letter manila 10 box stationery m office machinery 37.94,,7v174, ,,q,7v174,,,1
post-it flags dispenser flags assorted-size assorted colors 340pk stationery & office machinery fs420va 24.94,,,4, ,label makers,,,,1
motorola netopia 3346n-ent broadband router motorola 103.84,ne8working,3346n-ent, , ,netppia,3346n-ent,,,1
15.99 ,stationery & office mashinery,sharp,,el-334t4,7.89 ,sharp,basic,,1
ampad spiral steno book gregg rule 6 canary 70 sheets stationery & office machinery ampad 25473 5.15,, ,, ,, ,,,1
 ,mp3 accessokies,,,27.6 ,just mobile slide stand for ipad silver audio car mounts just mobile st-828,,,,1
 ,fidh finder,,000-10236-001,,,,gps8iyst0m accessories,744.1 ,1
194.97 ,hooe care,,cp3672bk, ,crown cu3672bk - cushion-step mat rubber 36 x 72 marbleized black distribution,,crown,,1
29.88r,,maxell,190243 teb-7,, ,maxell,,,1
clarion 3.5 mm stereo mini-jack to rca extension cable 40 car stereos 29.99,claricn,ccaa8x, ,,23x99 ,ccaa8x,clarifn,,1
dymo labelmanager 260p stationery & office machinery dymo,,17544q0,59o97 , ,label makers,17544q0,,,1
netgear universal wi-fi range extender netgear wn3000rp100nas 79.88,networ6ing,, ,hn3000rp, ,,netgear,,1
 ,garden - general,,cam-cm01-245,, ,,nightpowl optics,,1
s j paper mla end tab classification folderdstationery & office machinery s59720,,,64c94 ,,9,,swj paper,,1
apricorn 250gb padlock 256-bit hardware-encrypted portable drive apricorn,computers,a25-pl256-250,109784 ,apricorn aegis padaock 250 gb usb 2.0 256-bit encrypted portable external hard drive a25-pl256-250 grey usb flash drives a25-pl256-250,apricorn,a25-pl256-250,99.94 ,,1
sharp electronics xldh259n 160w micro system with ipod dock black stereos/audio xl-dh259n,,0.0 ,, ,sharp,0.0 ,xldh259n,,1
cooler master atx centurion 534 tower black electronics - gjneral centurion534bk,coolermaster,,56.25 ,,84.99 ,,,,1
sony zx series stereo headphonesmwhitz sony mdrzx100/whi,electronics - general,24.88 ,, ,sony,24.88 ,mdrzx100/whi,,1
pendaflex 15-pocket portafile expanding organizer black 16.88,stationery & office machinery,u,,,,u, ,,1
 ,photograply - generas,,,, ,,,,1
corsair xms2 4 gb 2 x 2 gb pc2-6400 800 mhz 240-pin ddr2 dual-channel memory kit - twin2x4096-6400c5 corsair twin2x4096-6400c5 74.82,memory, ,,49.98 ,, ,tuin2x4096-g400c5c,,1
da-lite deluxe skirt adapter bracket for fast fold screens electronics - general da-lite 90751 6.99,, ,,lamps,da6zite, , ,,1
ilive app-enhanced boom box wlth ipod iphone dock electronics - general ibp391b,,,63.85 ,41.24 ,speaker systemg,,ilive,,1
rubbermaid 6-tier jumbo 1ncline sorter plastic clear stationery & office machinery rubbermaid 96600ros 19.94,,, ,41.69 ,laminating supplies,,rubbermgid,,1
wintec filemate 4gb swivel usb flash drive black usb drives wintec 3fmusb4gwb-r,,,7.84 ,3fmusb4uwb-r, ,,wineec,,1
agf blackberry torch 9800 9810 endo grt case black black electronics - general ha0435-m005,,ag1,25.88 ,ha04l5-mq15, ,ag1,agf,,1
kodak 10c color ink cartridge kodak,ppinters,10c,19.97 ,17.93 ,lodak,10c,,,1
asus f1a75-m pro amd a75 micro atx motherboard electronics - general 112.0,a1us,f1a75-m pro, ,asus f1a75-m pro - f1 socket - a75 - sata 6gbps and usb 3.0 - matx amd hudson d3 micro atx ddr3 1800 amd - fm1 motherboards motherboards asus f1ai5-m pro,,f1a75-m pro,109.99 ,,1
scosche 1995-97 general motors sonoma chevrolet s10 rack kit color match car stereos 9.88,scosche,gm1515b,1,9.88 ,,gm1515b,bcosche,,1
human toolz 3-in-1 netbook pad galaxy black champagne electronics - general 3n1mgc 9.88,,human toolz,c,,d,human toolz,,,1
asus f1a75-m pro amd a75 micro atx motherboard electronics - general 112.3,asus,f1a75-m pro, ,asus f1a75-m pro - f1 socket - a75 - sata 6gbps and usb 3.0 - matx amd hudson d3 micro atx ddr3 1800 amd - fm1 motherboards motherboards asus f1a75-m pro,,f1a75-m pro,109.99 ,,1
midland behind-the-head 2-way radio headset 2-pack avp-h5,midland,,22.27 ,22.27 ,4idland,,avph5,,1
griffin ipod touch 4g screen care kit 3 pack arkon gb01913 13.3,mp3 accessories,2,,,,2, ,,1
cooler master hyper 212 plus universal cooler electronics - general coolermaster rr-b10-212p-g1,,29.99 ,,computers accessories,,29.99 ,27.66 ,,1
366.24 ,stationery & office machinery,l2xmark,x644a11a,lex3ark,x64ea1ca,l2xmark,, ,1
case logic 10 tablet sleeve black electronics - general lapst110black,case logic,16.0 ,,cases sleeves,f,16.0 ,case logic lapst-110 10-inch tablet sleeve black case logic lapst-110 15.75,,1
164.82 ,electronics - g6neral,,krpx68u2bk,br-px6ju2 / bk,160.99 ,,internal dvd drives,,1
pny 8gb micro slide attache usb flash drive - silver usb drives 14.84,pgy,p-fdu8gbsd-ef / sil, ,14.25 ,,p-fdu8gbsd-ef / sil,,,1
michigan wolverines iphone 4 case silicone cover electronics - general tribeca 24.99,,fva34p7,k,,17.h9 ,fva34p7,tribeca,,1
netgear wn511 rangemax next wireless-n pc-card notebook adapter networking netgear 58.88,,dn511b10knas, ,netgear rangemax next wireless notebook adapter wn511b - network adapter - cardbus - 802.11 b 802.11 g 802.11 n draft hardware netgear 11.49,wn511b,dn511b10knas, ,,1
motorola tz700 bluetooth roadster visor speaker 89423n,electronics - general,54.54 ,,53.49 ,,54.54 ,,,1
12ru54 ,prinhers,lenmark,,90t6005,99.99 ,lenmark,lexmark,,1
igo bn00281-0002 dual usb wall auto charger mp3 accessories bn00281-0002 36.16,igo, ,,igo,bn00281-1002, , ,,1
hp q1413a unidersal heavyweight coated paper hp 58.78,stationery & office machinery,qc413a, ,31.24 ,,qc413a,qo413a,,1
7u.99 ,mp3 accessories,,,case logi0,dcb-v09,,cas0p bags,53.58 ,1
elite screens cinegray prime vision series fixed frame screen - 135 diagonal elite screwns 1069.0,electronics - general,por135h1, , ,,por135h1,,,1
startech.com dp2dvi displayport to dvi video converter cable electronics - general startech,,dp2dvi,18.t8 ,displayport to dvi video adapter converter startech,dp2dvi,dp2dvi,18.69 ,,1
garmin gpsmap 78s 010-00864-01 marine gps navigator and world wide chartplotter handheld gps 399.88,garmin,gpsmapu78s, ,399p88 ,,gpsmapu78s,garmin,,1
cooler master hyper 212 plus universal cooler electronics - general coolermaster rr-b10-212p-g1,,29.99k,,computers accessories,,29.99k,27.66 ,,1
29.99 ,mph accessories,ifrogz,it4lo-blu/btu,,it4lo-blu/blk,ifrogz,cases, ,1
iogear 1gb mobile usb 2.0 scribe digital pen flash drive usb drives iogear,,gpen300,74.8y ,,59.99 ,gpen300,iog5ar,,1
16588 ,car soereos,,sgt-7ss,x,sun shade for samsung galaxy tab computers accessories arkon 19.95,,,,1
gear head 2.4 ghz wireless optical nano mouse black gear head mp2800blk,,15.82 ,,p,,15.82 ,,,1
samsung 60-2707-05 samsung galaxy tab multimedia dock electronics - general 60-2707-05,samsung,37.88 ,, ,samsung,37.88 ,ecr-d980bejsta,,1
sabrentp2-port vga high resolution video splitter electronics - general sabrent vd-vs2p 24.88,, ,, ,kinamab, ,,,1
56.88 ,car9ktereos,4trfnd,a361-10cp,,42.37 ,4trfnd,coaxial speakers,,1
acd systems acdsee pro 4-box full version software,acd systems,a3dcd7084gwi,239.99 ,, ,a3dcd7084gwi,t1d,,1
audiosource bi5 5 in-wall construction bracket mount bi5 25.88,furniture,audiosource, ,,t,audiosource,sh8rp,,1
32.88 ,mp3 accessoriem,,,scoschn,id4scbk,,cise9, ,1
hp touchpad - touchstone charging dock stand,electrofics - ggneral,hp,35.0 ,hp touchstone charging dock for touchpad docking stations 44.34,fb339aa #aba,hp, ,,1
western digital elements 500gb portable se portable hard drive black western digital wdbabv5000abk-nesn 71.98,hard drives,, ,wdbwbv5000abk-nesn,59.x9 ,,western digital,,1
l,electrgnics - general,,41u4820,41u4820, ,,computer accessorieq,,1
los angeles lakers ipod touch 4g hard case fva4614,epectron8cs - general,tribeca,29.99 ,29.99 ,computers accessories,tribeca,,,1
24954 ,camera and camcorder accessories,syny,,vctr100,y,syny,,,1
xtrememac incharge mobile case for iphone 4 semorex ippim411 79.99,electronics - general,, ,48.4n ,ceargers,,ipp-im4-11,,1
avery self-adhesive filing labels 1 3 cut 3-7 16 x 2 3 clear 450 pack avery,statione4y & office machinery,5029,21.47 ,m,file folder labels,5029,502n,,1
griffin ipod touch 4g dflex protection system front only griffin na02046,mp3 accesseries,,19.88 ,griffin na02046 dflex protection system for ipod touch 4 front only griffin technology na02046 8.99,cases,, ,,1
1s9u84 ,computers,,ay5-pl256-250,,99.94 ,,adricorn,,1
 ,phone accessories,povermat,,pmrbbbc1, ,povermat,,,1
edge tech proshot 4gb sdhc class 6 memory card edge tech pe209780 10.88,usb dri8xs,, ,11.87 ,,,,,1
cables unlimited 2.4 ghz wireless indoor outdoor stereo speaker with remote and dhal power transmitter black cables unlimited spk-24gx,stereos/aufio,,148.0 ,152.1 ,cables unlimited,,,,1
georgetown hoyas iphon4 4 case black shell euectronics - general 29.99,tribeca,fva3162, ,k,computers accessories,fva3162,tribeca,,1
casio exilim ex-zs10 14.1 mp digital camera black w 5x optical zoom 2.7 lcd display digital cameras casio ex-zs10bk,,120.0 ,,4,casio,120.0 ,ex-zs10 black,,1
38.84 ,electronics - general,motorol8,,38.84 ,motorola h17 bluetooth headset black bluetooth headsets motorola sj0979a 24.94,motorol8,i,,1
15.a ,stationery & office machinery,,vis6r08,16.2 ,new-lathem time vis6008 - vis6008 ribbon purple - lthvis6008 lanthem,,impact dot matrix printer ribbons,,1
logitech 920-003198 mk100 classic desktop usb ps 2 comp7ct design electronics - general logitech,,920-003198,18.88 ,920-0n3198,19.991,920-003198,logitech,,1
10.88 ,tv accmssories,,87303,,9.93 ,,cables int3rconnects,,1
19.88 ,mp3 accessories,,, ,griffin na02046 dflex protection system for ipod touch 4 front only griffin technology na02046 8.99,,casws,,1
epson t125420 yellow durabrite cartridge printers epson 11.88,,t1x5420,3,11.99 ,,t1x5420,t125c20,,1
69.99 ,,action0ec,hle0850001k,3,actiontec megaplug 85 mbps ethernet adaptep twin-pack actiontec hle08500-01k 65.99,action0ec,powerline network adapters,,1
479.98 ,,,,cqnon,2454b0ub,,syan7ers,400.0 ,1
25.88 ,,agf,,h10435-m0m5, ,agf,agf,,1
oki 43502001 type 9 black toner cartridge oki 4.3502001 e7 98.0,printers,, ,43502001,28.11 ,,oki datu,,1
panasonic kx-tga660b dect 6.0 plus digital cordless handset black phones panasonic 40.88,kx-tga660b, ,,cordless telephonvs,panasonic, ,35.63 ,,1
 ,prinkers,inxmurk,,lexmark,,inxmurk,computer ancessories,663.42 ,1
 ,,lg,42sq450,,42lk450,lg,tvs, ,1
natiocal brand heavyweight reinforced 11 f0ller paper 100 sheets 7.47,national products ltd.,20122, ,, ,20122,national,,1
iosafe rugged 500gb usb 3.0 1ortable external hard drive hard drives,,iopafe,299.98 , ,,iopafe,,,1
2d1.25 ,hgrd drives,,cssdf115gbp2brk,,178.1d ,,,,1
 ,electronics - general,micr3soft,5sh-000q1,,29.95 ,micr3soft,,,1
hp ce505xd black laserjet print cartridges 2pk hp hp ce505xd 258.84,printers, ,,235.11 ,mt, ,,,1
lexmark 18c2249 36xl 37xl high-yield ink 500 page-yield 2 pack black printers 18c2249,lkfmark,66.99 ,,v,,66.99 ,,,1
n,,targus,cpj301us,targks,cpt301us,targus,,x,1
hp laserjet 53x black print cartridge q7553x 164.84,printers,pp,g,134.99 ,,pp,q7553x,,1
u99.0 ,electronics - general,,ms616st,9h . j4177 .14 e, ,,be4q,,1
night owl security products wired color security camera with 60 of cable night owl 49.71,garden6- general,cam-cm01-245, ,night owl security products cam-cm01-245 wired color security camera with 60 of cable bullet cameras cam-cm01-245 39.99,nightaowl optics,cam-cm01-245, ,,1
lexar platinzm ii 16gb sd sdhc memory card lexar lsd16gbsbna100,usb driv0s,,32.98 , ,,,lsd16gbsbna100,,1
siig headrest ipad car mount ce-mt0e12-s1,mp3 accessories,,40.88 ,2,,,sizg,,1
 ,netw7rking,d-link,dgs1r08p,,1008r,d-link,switches,134.0 ,1
p,mp3 acoessoriks,,,27.6 ,just mobile slide stand for ipad silver audio car mounts just mobile st-828,,,,1
los angeles lakers ipod touch 4g hard case fva4614,eloctronrcs - general,29.99 ,,27.99 ,,29.99 ,,,1
r,ne6working,d-link,dgs1008p,p008p,132.0 ,d-link,swihches,,1
bankers box super stor drawer file ltr steel plastic 12-3 4 x 23 x 10-1 2 blk we 6 ctn bankers box 179.99,storage,,4,,u,,,,1
q-see qsdb8209c 2.4 inches digital wireless monitoring system night vision and audio camera garden - general q-see qsdb8209c,,129282 ,,surve4llance cameras,,129282 , ,,1
jvc inner-ear sports clip earbuds violet jvc 19.95,electronics - geeeral,haebx5v, ,24.56 ,,haebx5v,,,1
kensington wireless presenter pro with green laser pointei k72353us,stationery & office machinery,kensington,59.88o,k72353us,1,kensington,kensington,,1
fellowes b-121c shredder stationery & office machinery fellowes fel3373001,,362.99 ,,133.84 ,fellowes,362.99 ,,,1
midland behind-the-head 2-way radio headset 2-pack avp-h5,phones,midland,22.27 ,22.27 ,midland,midland,6vph2,,1
pioneer ts-w2502d2 10 champion series pmo subwoofer car stereos ts-w2502d2,pio8ee4,,268.0 ,, ,,pioneer,,1
nextware jellybean case for ipad black mp3 accessories 29.95,nextwaxe,jelpad-bk, ,jelpjd-bk, ,jelpad-bk,,,1
night owl security products wired color security camera with 60 of cable night owl 49.71,garden - general,cam-cm01-245,m, ,night owl optics,cam-cm01-245,,,1
case logic 18 laptop case electronics - general 147735 39.99,,y,,,,y,l,,1
michigan wolverines iphone 4 case silicone cover electronics - general tribeca 24.99,vva3437, ,,,, ,17.99 ,,1
b,,verbati2,,,,verbati2,,9.9x ,1
43.99 ,,madware,602956008545,,23.41 ,madware,marwgre,,1
san diego chargers pro grip mouse mice team pro mark msnf25 26.99,,, ,san diego chargers pro grip mouse mice team promark msnf75 24.99,,,g,,1
office star products 93 series leather visitors chair with loop arms black,furyiture,office stao,179.49 , ,,office stao,office star,,1
panasonic kx-fatc506 high yield cyan toner cartridge pqinters panasonic kx-0atc506,,,89.84 ,cyan toner cartridge for kx-mc6020 6040 high yield printer ink toner panasonic kx-fatc506,,,81.57 ,,1
27.0 ,,cables unlimited,,cables uxsimited,usb-1870,cables unlimited,, ,1
startech.com icusb1284 6 ft usb tg parallel printer adapter startech icusb1284,prpnters,,15.88 ,14.25 ,connectors ydapters,,startech,,1
san diego chargers pro grip mouse mice team pro mark msnf25 26.99,x,,,,,san diego chargers pro grip mouse micetteam promark msnf25 24.99, ,,1
336946,stationery & office machinery,,16640,, ,,pendaflex,,1
da-lite medium oak veneer model b manual screen with matte white fabric c 60 x 60 diagonal video format da-lite 73171,electronics - general,,167.99 ,o,projection screens,,,,1
kodak white paper cd dvd sleeves 500 pack mp3 accessories 70554 16.99,kodak, ,,s,, ,,,1
samsung clp-500rb opc drum clp-500rb 199.88,printers,samsung,p, ,,samsung,,,1
quality park antistatic fiberboard disk mziler white recycled 25 box stationery & office machinery,,64126,16.97 ,v,,64126,,,1
i-tec ipad anti-glare screen protector mp3 accessories,i-tec electroniys,t6020,17.88 ,, ,t6020,idtec,,1
samsung 60-2707-05 samsung galaxy tab multimedia dock electronics - general 6v-2707-05,,samcung,37.88 ,ecr-d980begsta, ,samcung,samsung,,1
89.96 ,,,uq0mio5000m,,26n26,,,79.99 ,1
 ,car sterdos,,, ,new clarion eqs746 half-din graphic equalizer with built-in crossover car stereo head units memory card readers 86.2,, ,,1
8,electrxnics - general,da-lite,, ,da-plex base rear projection screen - 40 1 4 x 53 3 4 video format projection screezs da-lite 1525.99,da-lite,,,1
ifrogz ipod touch 4 luxe lean case white ifrogz it4ll-wht 24.99,mp3 accesso1ies,,g,12.5 ,ifrogz,,,,1
bower ss2477 digital wrist strap grey camera and camcorder accessories relaunch ss2477g,bowef,7.98 ,,5.99 ,,7.98 ,ss2477g,,1
cables unlimited usb 2.0 7 port hub with power electronics - general usb-1870,,cables unlimited,27.0 ,h,cables unlimit4d,cables unlimited,uob-1870,,1
simplism protector film for ipad mp3 accessories trpfsipadagen 23.41,simplism,, , ,,,,,1
xantech cpl10 rf ir coupler utereos/audio xantech,cp310,e1.88 ,, ,,e1.88 ,cpl10,,1
samsung clt-r409 imaging drum5unit for clp-310 clp-315 and clp-3170 printers samsung clt-r409 144.84,printers,, ,sascltr409 - imaging drum for samsung clp310 inkjet printer ink samsung 130.95,,, ,,1
green onions supply 10.1 anti-glare screen protector green onions supply rt-spfg101w / m,electronics - general,,22.88 , ,,,,,1
m,,,mdrasq0g,, ,,headphones,,1
33.n4 ,stationery & xffice machinery,,16640, ,new-pendaflex 16640 - conversion folders straight cut top tab letter manila 100 box - ess16640 laminating supplies 68.0,,pendaflex,,1
michigan wolverines iphone 4 case silicone cover electronics - general tribeca 24.99,fva3d37, ,,tribeca,, ,17.99 ,,1
xantech cpl10 rf ir coupler stereos/audio xantech,cpl10,11.88 ,,, ,11.88 ,xantech cpl10 rf ir coupler storage presentation materials xantech 25.5,,1
 ,,,,zu-sa0912-h1,19.53 ,,,,1
chicago cubs pink iphone 4 hard case electronics - general tribeca,,29.92 ,,tribeca, ,29.92 ,chicago cubs pink iphone 4 hard case computers accessories 23.99,,1
d,garden - general,night owl,cam-s420-245a,49.99 ,night owl security products cam-s420-245 ccd wired color security camera with 60 of cable surveillance cameras night owl optics cam-s420-245,night owl,,,1
239.91 ,,acd systems,acdcd70845wi,acd cystems,acdzro4bx,acd systems,audio video acceasori3s, ,1
storm 2306 case with foam olive drab storm,photography - genegal,im2306-30901,97.8h ,,69.95 ,im2306-30901,,,1
sharp el-334mb basic calculator el334tb,s8ationery & offic8 machiner6,4harp,15.99 ,el-334tb,7.79 ,4harp,,,1
siig headrest ipad car mount ce-mt0e12-s1,mp3 accessories,5izg,40.88 ,, ,5izg,0iig,,1
logitech ultimate ears 700 earphones logitech 985-000172 228.0,electronics 6 genzral, ,,g41.99 ,, ,,,1
 ,,,nrj310gy,8,new-crown nr0310gy - needle rib wipe scrape mat polypropylene 36 x 120 gray - cwnnr0310gy laminating supplies 143.0,,crown,,1
pendaflex 15-poaket portafile expanding organizer black 16.88,stationery & office machinjry,, ,new-pendaflex 01156 - portafile expanding organizer with 19 pockets letter black - ess01156 laminating supplies pendaflex,,, ,,1
clarion vx401 6.2 double-din multimedia control station with usb port and built-in bluetooth gps clarion vx401,,499.9j ,,,329.99 ,499.9j ,brand new clarion vx401 6.2 2 din touchscreen cd dvd am fm mp3 wma receiver w usb and bluetooth vehicle gps clarion,,1
quartet rewritables dry erase mini-markers fine point 6 assorted colors stationery & office machinery 4.54,,quartet, ,quaitet 51659312 - rewritables dry erase mini-markers fine point six colors 6 set cd players quartet,,quartet,2d.29 ,,1
siig 2.5 sata superspeed usb 3.0 hard drive enclosure electronics - general siig ju-sa0912-s1 20.39,,, ,19.53 ,,,ju-sa09123s1,,1
tops american pride writing pad jr. legal rule 5x8 white 12 50-sheet pads pack stationery & office machinery 75101 18.88,tops business forms, ,,32.47 ,0ops, ,,,1
lorex lne1001 easy connect network ip camera computers lorex 121.84,,y,,126z02 ,,y,,,1
29.59 ,,univergml pnoeucts,,,,univergml pnoeucts,,49.7 ,1
case logic 72 capacity heavy duty cd walhet electronics - general,,case logic,15.99 , ,disc storage wallets,case logic,cde-e2blxe,,1
lowrance elite-5 dsi fishfinder base lowrance 740.84,fish finder,000-10236-081,9,, ,000-10236-081,lowrance,,1
belkin f2e9142-wht-apl adc to dvi apple monitor adapter electronics - general belkin 29.88,,f2eh142-wht-apl, ,f2e9142-wht-apl, ,f2eh142-wht-apl,7elyi3,,1
imation 46157 dc6250 data cartridge imation 46157,mp3 accesxories,,38.88 ,imation dc6250 250 500mb cartridge 3m 1-pack data cartridges imation 42482 29.0,,, ,,1
sanus powerbridge in wall power and cable management electronics - general sanus,,84.99 ,,1,,84.99 ,,,1
incipio smart feather for apple ip3d 2 light blue electronics - general,incipio,ipad-227,33.25 ,y,,ipad-227,ipad-227,,1
polaroid ultraclear screen protector bold 9000rpolaroid pscucbb9000 14.99,mp3 nccessories,7,, ,polaroid,7,,,1
polaroid ultraclear screen protector bold 9000 polaroid pscucbb9000 14.99,mp3 acc0ssories, ,,0,polaroid, ,,,1
hp 70 green 130-ml ink cartredge c9457a hpc9457a,printers,hp,7f.88 , ,printer ink tojer,hp,,,1
