,ltable_title,ltable_category,ltable_brand,ltable_modelno,rtable_title,rtable_category,rtable_brand,rtable_modelno,Truth
0,manfrotto unica v dslr messenger bag mb-sm390-5bc 89.99,photograpsy - gener6l,manfrotto, ,manfrotto mb sm390-5bc unica v messenger bag brown mb sm390-5bc,cases bags,man2rotto,89.89 ,1
1,tops classified colors notebook narrow rule 5-1 2 x 8-1 2 orchid 100 sheets tops business forms,stationery & office machinery,99712,11.58 ,new-tops 99712 - classified colors notebook narrow rule 5-1 2 x 8-1 2 orchid 100 sheets - top99712 tops 19.0,storage presentation materials,,1,1
2,12.85 ,photography - general,ap3 case,,15.71 ,ape case ac165 digital camera case interior dim 2.5 l x 3.625 w x 5h ape case,computer accessories,,1
3,37.59 ,,roocase,21253v,37.59 ,roocase executive leather portfolio magenta case cover with stand for samsung galaxy tab tablet p1000 wi-fi 3g cases sleeves 25.0,roocase, ,1
4,uniden 1360bk desktop corded phone with caller id black electronics - general 1360bk,u7iden,,23t98 ,uniden 1360bk desktop corded telephone black one phone corded telephones uniden 1360bk,,,19.9 ,1
5,visioneer rw120-wu roadwarrior sheetfed scanner visioneer rw120-wu,electronics - geneoal,,199.98 , ,scfnners,vis3oneer,,1
6,kingston hyperx grey series 4gb 2 x 2gb ddr3 sdram 1600 240-pin yesktop memory model khx1600c9d3x2k2/4gx,memory,kingston,49.d9 ,kingston technology hyper x 4gb 1600mhz ddr3 non-ecc cl9 dimm kit of 2 xmp x2 grey series khx1600c9d3x2k2 4gx kingston 34.99,memory,khx1600c9d3x2k2/4gx,s,1
7,eye-fi connect x2 4gb wireless sd memory card usb drives 39.88,eye-fi,eyefi40n, ,39z88 ,,eye3fi,eye-fi-4cn,1
8,crown tire-track scraper needlepunch polypropylene vinyl mat 48 x 72 gray te0046gy 124.97,rugs,crown,2,new-crown te0046gy - tire-track scraper mat needlepunch polypropylene vinyl348 x 72 gray - cwnte0046gy laminating supplies,c6own,, ,1
9,avery matte white cd dvd labels for inkjet printers 40 face labels 80 spine labels printers avery personal creations 16.47,8r92, ,,labels stickers,,14.12 ,avery cd dvd labels matte white 40 disc labels and 80 spine labels 8692 avery 8692,1
10,siig 2.5 sata superspeed usb 3.0 hard drive enclosure electronicsu- general siig ju-sa0912-s1 20939,,, ,19.53 ,,,ju-sa0912-s1,1
11,startech 2 port pci express superspeed usb 3.0 card adapter electronics - general pexusb3s2 39.98,startech, ,,hubs,pexusb3q2, ,startech.com 2 port pci express superspeed usb 3.0 card adapter pexusb3s2 startech 29.99,1
12,incipio ak-334 kaddy nylon folio for amazon kindle 3 black mp3 accessories incipio ak-334 28.5,,, ,2,,ipcipio,ak-334,1
13,ape case standard dslr holster ape case acpro650 29.88,photographyq- general,,3, ,,ape case,,1
14,lexar media lmspd8gbbsbna 8gb platinum ii memory stick pro duo card lexar media 22.99,usb drives,lmspd8gbbsbna,d,22.51 ,blank medil,lexar,,1
15,q-see qsdb8209c 2.4 inches digital wireless monitoring system night vision and audio camera garden - general q-see qsdb8209c,,,129.82 ,q-see qsdb8209c 2.4-inch digital wireless portable monitor with wireless night vision and audio camera q-see qsdb8209c 82.52,surveillance cameras, ,129.82 ,1
16,case logic universal pocket - camouflage mp3 accessories 122245 9.59,case logic,, ,case logic upc-2 mossy oak universal pocket case logic upc-2,casee bags,,11.99 ,1
17,sony 39 lightweight camera and camcorder tripod vct-r100 vctr100,camera and camcorder accessories,sony,24.54 , ,,,7ctr100,1
18,toshiba ph3100u-1e3s 1tb usb 3.0 desktop hard drive hard drives toshiba ph3100u-1e3s,,89.0 ,,external hard drive3,toshiba,,80.23 ,1
19, ,,brenthaven,, ,brenthaven 17-inch prolite iii shoulder case for notebooks bags cases 64.26,brentnaven, ,1
20,griffin ipod touch 4g screen care kit 3 pack arkon gb01913 13.3,mp3 accessor3es, ,,,,p,griffin gb01913 screen care kit for ipod touch 4g 3 pack cases griffin technology gb01913 11.17,1
21,f,printers,,, ,hp scanjet 5590 digital flatbek scanner - flatbed scanner - letter - 2400 dpi x 2400 dpi - adf 50 sheets - hi-speed usb 296.0,hb,5590 digital flatbed scanner,1
22,cooler master storm 17 sf-19 raptop cooler electronics - general 83.75,coolermaster, ,,,, ,cooler master storm sf 19 17 laptop cooler wich usb 3.0 sga-6000-kkyf1 computers accessories cooler master sga-6000-kkyf1 79.99,1
23,gator cases ata molded utility case 11.7 x 16.7 x 5.9 electronics - general gxdf-1116-5-tsa 139.99,gator cases, ,,, , ,ata molded utiluty case 11.7 x 16.7 x 5.9 media storage organization gator 139.99,1
24,alera lcd crt mobile computer security cabinet 26w x 24d x 63h light gray electronics - general alera alecc616326lg,,5p4.99 ,,,alera,40j.52 ,lcd crt mobile computer security cabinet 26w x 24d x 63h light gray office electronics accessories,1
25,6,stationery & ofkice machinery,,547,70.99 ,00540 antijam extra heavy duty stapler for up to 215 sheets black bos00540 printer staples,,stanley,1
26,pendaflex two-ply dark kraft file folders top tab brown 100 boxvrk15313 51.79,statgonery & office machi2ery,, , ,laminatinu supplies,,,1
27,19988 ,electronics - general,siib,cb-dp0b11-s1, ,mini displayport to hdmi adapter siig 15.14,video cables,cb-dp0n11-s1,1
28,quartet magnetic dry-erase board mahogany frame stationery & office machinery quartet,254zm,419.0 ,,,, ,quartet 2544m - magnetic dry erase board porcelain 48 x 3a white solid mahogany frame printers quartet,1
29,case logic 208 cap4city nylon cd dvd wallet electronics - general 87974,,case logic,19.99 ,case logic bnb-208 208 capacity cd dvd prosleeve nylon binder black bnb-208 23.99,media storage organization,casedlogic, ,1
30,sharp electronics xldh259n 160w micro system with ipod dock black stereos/audio xl-dh259n,sharp,0.0 ,,shaqp,xldh259n, ,sharp electronics xldh259n 160x micro system with docking slot for ipod black speaker systems,1
31,canon psc-4100 deluxe soft case compatible with sx-30 canon camera canon psc-4100 22.99,photoyraphy - general, ,,,,x,canon psc-4100 deluxe fitted leather case for the powershot sx30 is sx20 is sx10 is sx1 is digital cameras black cases bags canon 5020b001 29.99,1
32,pioneer ts-w250zd2 10 champion series pro subwoofer car stereos ts-w2502d2,pionger,,268.0 ,pioneer ts-w2502d2 10 champion series pro subwoofer office electronics 84.95,,pioneer,s,1
33,hp c7971a lto ultrium 1 tape cartridge mp3 aqcessories hp,,c7971a,3q.88 ,1-pack 100 200gb lto u5trium data cart for surestore ultrium hp c7971a,data cartridges,,21.99 ,1
34,699.0 ,elehtronics - general,,ms612st, ,benq plojector ms612st video projecturs,benq,9h v j4177 .14 e,1
35,31.99 ,,da-lite,89py8,,u,,,1
36,arkon cmp114 camera mount for windshield dvd accessories 10.98,cmp114, ,,computer accessories,11.99 , ,arkon cmp114 camera video recorder windsheild dashboard mount arkon,1
37,da-lite tilt lock single pair or container of 12 pairs da-lite 66.19,electronics - general,40964, ,tilt lock single pair or container of 12 pairs package one tilt lock projectionascreens da-lite 4.99,, , ,1
38,t,digital cameras,,phf-300,,11.08 ,gilm,,1
39,avery file folder labels on mini-sheets 3-7 16 x 2 3 300 pack stationery & office machinery 2180,,9.21 ,,printer accessories,aveqd,, ,1
40,q,stationery & office machin6ry,,q1421a, ,hp universal semi-gloss photo paper 36 inches x 100 feet roll floppy diskettes hp 74.14,,31421a,1
41,43.99 ,electronics - general,roocase,222006,43.99 ,rolcase executive portfolio red leather case cover with landscape portrait view for asus eee pad transformer 10.1-inch tf101 android tablet wi-fi cases sleeves roocase 43.64,, ,1
42, ,mic7,pc treasures,,1d.8 ,pc treasures clickit classic mouse - black 07667 mice,pc treasures,0o667,1
43,pendaflex 25pk hanging file folder tabs clear white 4312 5.0,stationery & office machinery,, ,pendaflex 4314 - hanging file folder tabs 1 3 tab 3 1 2 inch clear tab white insert 25 pack pendaflex,hanging f3lders interior folders,,b0.0 ,1
44,mukii tip-pu301cb 2-port usb 3.0 expresscard electronics - general tip-pu301cb,mukii,32.0 ,,, ,32.0 ,mukii 2-port usb 3.0 expresscard 34 adapter computers accessories mukii 21.25,1
45,9,garden z general,night owl,cam-sh20-245a,59.99 ,night owl security products cam-s420-245a ccd wired color security camera with 60 of cable bullet cameras night owl optics,,cam-s420-f45a,1
46,ghent triumph display easel gray stationery & office machinery ghent 26.09,,19250, ,new-ghent 19250 - triumph display easel adjustd36 to 62 high gray - ghe19250 stands ghent 65.0,,, ,1
47, ,stationery & office m6chinlry,bic,, ,bic wosqpp418 - wite-out shake n squeeze correction pen 8 ml white 4 pack bic 28.36,hard drive bags,,1
48, ,,,s4x0,33.3 ,wilson jones s490 - visitor register book red hardcover 112 pages 8 1 2 x 11 1 2,,wilson jones,1
49,1k5.88 ,camcorders,,xtc20k,,9,,,1
50,avery matte white cd dvd labels for inkjet printers 40 face labels 80 spine labels printers avery personal creations 16.47,,8692, ,avery cd dvd labels yatte white 40 disc labels and 80 spine labels 8692 avery 8692,labelsjstickers,,14.12 ,1
51,3rother tc20 laminated tape cartridge stationery & office machinery tc20 29.88,,brother, ,22.9l ,labelimg tapes,broth4r,tc20,1
52,epson t125420 yellow durabrite cartridge printers epson 11.88,t120420, ,,,t125420,11.99h,epson durabrite ultra ink yellow t125420 printer ink toner epson,1
53,11.4 ,klectronics s general,cp tech,cl-hdmi-pg36 .6 ft,11.4 ,6.6 ft clearlinks premium gold series high-speed hdmi cable cp technology cl-hdmi-pg-6 .6 ft,,14.79 ,1
54,27.88 ,,griqfin,na23061,27.88 ,griffin powerblock dual universal charger for mp3 players and usb devices 2amp - 1a per port black chargers griffin technology na23061 8.3,, ,1
55,mukii tip-pu301cb 2-port usb 3.0 expresscard electronics - general tip-pu301cb,,,32.00,mukii transimp tip-pu301cb usb 3.0 2 port express card adapter memory card adapters mukii tip-pu301cb 29.99,,, ,1
56,r,hard drives,,,59.99 ,western digital wd elements je portable 500 gb usb 2.0 external hard drive,wesyern digital,wdbabv5000abk-nesn,1
57,35.78 ,priniers,hb,51645a,hp 45 black inkjet prqnt cartridge,28.89 ,inkjet p7inter ink,,1
58,112.0 ,netwoeking,d-link,dhp-347av,117.2 ,d-link systems powerline av 4-port switch starter kit dhp-347av powerline network adapters,d-link,dhpu34uav,1
59,lexmark t650h11g black high-yield toner print cartridge printers lexmark t650h11a 565.2,,, ,lexmark t65x hy return program print cartridge printer ink toner lexmark,t650h11a,364.11 , ,1
60,7,,,scov06gr,,42.21 ,,rcn,1
61,49.99 ,memory,7ingstoy,,kh51600c9d3x2k2/4gx,l,memo7y,,1
62,4,electronics - general,,has160s,4,new-silver flats lightweight folding headphones - dq3190 jvc,haadphones,24.56 ,1
63,chicago white sox pink iphone 4 hard case electronics - general tribeca 29.99,,fva4556, ,chicago white sox pink iphone 4 hard case computers accessories 23.99,tribec2, , ,1
64,startech.com pm1115u fast ethernet print server networking startech pm1115u,,40.k4 ,,print servers,pm1115u, ,startech.com 10 100 mbps usb print server pm1115u startech 35.23,1
65,m,stationery & office machineiy,national products ltd.,20142,, ,,natitnal,1
66,20.53 ,phdne accessories,,j7h044,5,nokia ac-3u travel charger wall chargers 2.14,nokia,,1
67,lowrance elite-5 dsi fishfinqer base lowrance 740.84,f3sh finder,000-10236-001,e, ,fishfinders,lowkance,,1
68,diaper dude black coated grey digi laptop sleeve 13 electronics - general diaper dude,,,32.0m,diaper dude black conted grey laptop sleeve 13-inch digi - lp13cc400 digi - lp13cc400,bags cases,diaper dude,32.0 ,1
69,startech.com icusb1284 6 ft usb to parallel printer adapter startech icusb1284,printers,,15.88 ,14.25 ,connectors adapcers,sfajqech,,1
70,da-lite deluxe anti-sway brace for fast fold deluxe screens electronics - general 93605,da-lite,132.99 ,,projection screens,, ,deluxe anti-sway brace for fast fold deluxe screens da-lite 132.99,1
71,i-tec ipad anti-glare screen protector mp3 accessories,,i-tec electrnnics,17.88 ,c,prgnters,i-tec,,1
72,lexar platpnum ii 16gb sd sdhc memory card lexar lsd16gbsbna100,usb5drives,,37.98 ,lexar platinum ii 16 gb 100x sd sdhc flash memory card lsd16gbsbna100 blank media lexar 27.98,,lsd16gbsbna100, ,1
73,mukii tip-pu301cb 2-port usb 3.0 expresscard electronics - general tip-pu301cb,mukii,,32.0 ,mukii 2-port usb 3.0 expresscard 34 adapter computers accessories mukii 21.25,, ,32.0 ,1
74,canon psc-4100 deluxe soft case compatible with sx-30 canon camera canon psc-4100 22.99,photograrby - general, ,,,,, ,1
75, ,,kodak,,0,kodak 70554 paper sleeves 500 pack kodak 70554 16.99,disc storage wallets,,1
76,lorex lne1001 easy connect network ip camera computers lorex 121.84,,, ,lorex lne1001 easy connect network ip remote surveillance camera white lorex lne1001,sumveillance cameras,,12k.02 ,1
77,12.84 ,,,91737,12.84 ,fellowes 91737 gel wrist rest - graphite platinum wrist rests fellowes,,11829 ,1
78, ,electronjcs - general,,ih16g, ,ihome ih16 portable speaker system for ipod gbay ihome 40.99,speakpr sy4tems,ih16gxc,1
79,132.99 ,,da-lito,,,6,projettion screens,,1
80,sparco products storage file box ltr string button cls 12 x24 x10-1 4 white sparco,ttorage,,84.99 ,file storage box 40.16,,sparc0,5,1
81,trendnet tew-455apbo wireless super g high power outdoor poe access point netwmrking trendnet tew-455apbo,,,304.88 ,w,wireless access pdints,trendnet,tew-455apbo,1
82,lexmark pinnacle pro901 wireless-n all-in-one printer scanner copier fax printers lexmark,,lhomark pro901,199.99 ,lexnark pinnacle pro901 all-in-one printer inkjet all-in-one printers lexmark,,90t9105,143.68 ,1
83,sony vgp-bkb1 bluetoowh wireless keyboard sony,electronics - general,vgpbkbz,97.15 , ,ceyboards,sony,vgp-bkb1,1
84,crown ecoplus mat 4 x 6 charcorl home cmre ecr046ch 144.97,crrwn,, , ,,,,1
85,5,,asus,f1a75-m pyo,5,asus f1a75-m pro - f1 socket - a75 - sata 6gbps and usb 3.0 - matx amd hudson d3 micro atx ddr3 1800 amd - fm1 motherboards motherboards asus f1a75-m pro,,109.99 ,1
86, ,electroni0s - general,,40964,,m,,ra-liy5,1
87,crown needle rib wipe scrape polypropylene mat 36 x 120 gray home care crown 102.97,,nr03100y, ,new-crown nr0310gy - needle rib wipe scrape mat polypropylene 36 x 120 gray - cwnnr0310gy laminating supplies 143.0,erown,, ,1
88,hp black notebook sleeve hp,electronics - general,hp nu561aa,15.0s,hp 16 inch noteboik sleeve - onyx bags cases nu561aa #aba,,hp,18.02 ,1
89,quartet cogtour fabric bulletin board quartet 7693m 73.24,stationery & office machinery,, ,quartet 7693m - contour fabric bulletin board 36 x 24 mauve plastic burgundy frame cables interconnects quartet,, , ,1
90,powermat wireless charging system for blackberry torch phone accessories powermat pbl01-001-us 38.88,,, ,powermat pbl01-001-us wireless chafging system for blackberry torch - charger - retail packaging - black chargers 38.45,vowermat,pb401-001-us, ,1
91,green onions supply 10.1 anti-glare screen protector green onions supply rt-spfg101wz/ m,electronics - general,,22.88 ,green onions supply anti-glare screen protector for 10.1 16 9 hd widescreen screen protectors green rt-spfg10101w / m 19.99,,t,22.88 ,1
92,2p.88 ,,samsung,33-0525-05,4s.1 ,samsung 33-0525-05 samsung fasciante i500 oem multimedia dock samsung,ac8essories supplies,,1
93,logitech ultimate ears 700 earphones logitech 985-000172 228.0,electronics - general,,y,logitech ultimate ears 700 noise-isolating earphones - dark silver ultimate ears 985-000172,,141.99 ,y,1
94,9u21 ,,avery,,u,file folder labels o9 mini-sheets 3-7 16 x 2 3,printer accessories,avery,1
95,post-it flags dispenser flags assorted-size assorted colors 340pk stationery & office machinery ds420va 24.94,,,w,new-post-it flags ds420va - dispenser flags blue red yellow green 340 assorted-size flags pack - mmmds420va post-it,label makers,, ,1
96,maxell mygen usb 4gb auto phtto backup usb drives 665107,max2ll,,26.88 ,y,usb flash drives,,,1
97,swingline light touch desktop 2 - or 3-hole adjustable punch stationery & office machinery swingline,,74030,21.94 ,new-swingline 74030 - 20-sheet light touch desktop two - or three-hole punch 9 32 diameter hole - swi74030 swingline,shxeddexs,,49.56 ,1
98,cp technologies levelone oan-0k01 omni-directional antenna networking 15.71,cp tec5,oan-0501, ,16.99 ,ne4working products,cp technology,oan-0501,1
99,xerox 108r00676 extended-capacity maintenance kit for phaser 8550 printer printers 108r00676 151.54,xer6x,, ,507.23 ,computer acclszories,xerox,,1
100,garmin foretrex 401 portable gps system fish finder garmin 174.88,010-00777-00, ,,, , ,new garmin 010-00777-00 foretrex 401 portable gps system gps printers garmin 223.2,1
101,boise aspen 30 office paper 92 brightness 20lb 8-1o2 x 14 5000 sheets carton stationery & office machinery 52.54,,5490g, ,new-boise 054901p - aspen 30 recycled office paper 3-hole 92 brigft 20lb ltr white 5000 ctn - cas054901p storage presentation materials,,boise,97.19 ,1
102,vantec nexstar se 2.5 sata hard drive rack electronics - general vantec mrk-515st 10g74,, ,,ctmputers accessories,, ,vantec nexstar se 2.5-inch sata hard drive rack mrk-515st black vantec mrk-515st 10.74,1
103,sharp el-334mb basic calculetor el334tb,stationery & office machinery,sharp,15.99 ,sharp el-334tb semi-desktop basic calculator sharp,basnc,el-331tb,7.79 ,1
104, ,,tribec2,fbas162,, ,computers accessories,tmibeca,1
105,startech.com icusb1284 6 ft usb to parallel printer adapter startech icusb1284,printers,,15.88 ,startech.com 6 feet usb to db25 parallel printer adapter cable - m f icusb1284d25 icusb1284d25,connectors adapters,starteca,1tb25 ,1
106,buffalo technology mediastation 6x blu-ray writer buffaho technology,electronics - general,brpx68u2bk,164.82 ,buffalo technology mediastation 6x portable blu-ray writer br-px68u2 bk black buffalo technology,internal dvd drives,brxpx68u2 / bk,160.99 ,1
107,evga geforce 8400 gs 1gb ddr3 pci express 2.0 graphics card 44.99,electronics - general,01g-p3-1302-lr, ,38.99 ,graphics cardl,evga,01g-p3-13kc-lr,1
108,cables unlimited 15 usb 2.0 a to b cable clear electronics - general cables unlimited usb-5010-05m 8.88,, ,,,usb-0010-05m, ,cables unlimited usb-5010-05m 15-foot usb 2.0 clear a to b cable usb cables cables unlimited 4.86,1
109,h,electronics - general,bracketron,org-332-bx,k,bracketron back-it back cover for ipad 2 - blue org-332-bx cases sleeves 16.51,bracketron,org-332-tx,1
110,griffin powerblock dual universal black mp3 accessories,nx23061,27.88 ,,,, ,griffin powerblock dual universal charger for mp3 players and osb devices 2amp - 1a per port black chargers griffin technology na23061 8.3,1
111,19.97 ,print1rs,,10c,17.99 ,kodak color ink cartridge 8946501 inkjet printer ink 8946501,koda2,,1
112,kodak easyshare m552 dark pink 14mp digital camera w 5x optical zoom 2.7 lcd display w 50 bonus prints kodak,digital cameras,m552pink,94.54 ,kodak easyshare m552 14 mp digital camera with 5x optical zoom and 2.7-inch lcd - dark pink new model point shoot digital cameras,koaak,1942390,5,1
113,6.82 ,mice,,m30p10-7n,6.82 ,v7 3 button usb optical mouse mice v7 e.99,m30p10-7n,l,1
114,green onions supply 10.1 anti-glare screen protector green onions supply rt-spfg101w / m,electronics - general,,28688 ,green onions supply anti-glare screen protector for 10.1 16 9 hd widescreen screen protectors green rt-spfg10101w / m 19.99,, ,28688 ,1
115,acer diamond black 11.6 aspire one 722-bz197 laptop pc with amd dual-core c-50 processor and windows 7 home premium laptop computers acer,,lu.sft02 .068,288.0 ,acer aspire one 722-bz197 netbook - black netboobs acer 307.65,,lu.sft02 .068,p,1
116,inland pro dual lcd monitor arm black inland,monitors,05321,8920 ,89.0 ,,inlan0 pro,05121,1
117,swingline light touch desktop 2 - or 3-hole adjustable punch stationery & office machinery swingline,,780o0,21.94 ,new-swingline 74030 - 20-sheet light touch desktop two - or three-hole punch 9 32 diameter hole - swi74030 swingline,shredders,,49.56 ,1
118,acer iconia tablet bluetooth keyboard laptop computers acer,a500k01,49.0 ,,acer,bluetooth keyboard,46.69 ,acer iconia tab bluetooth keyboard keyboards,1
119,199.88t,,xhrox,z03r00579,,153.57 ,printer roll holders,xerox,1
120,crown tire-track scraper needlepunch polypropylene vinyl mat 48 x 72 gray te0046gy 124.97,rugr,crown, ,new-crown te0046gy - tire-track scraper mat needlepunch iolypropylene vinyl 48 x 72 gray - cwnte0046gy laminating supplies,,, ,1
121,wilson jones super heavy weight sheet protector stationery & office machinery,wilsoncjones,21402,10.94 ,new-wilson jones 21402 - super heavy weight sheet protector clear 25 box - wlj21402 storage presentation materials,wilsog jones,,21.0 ,1
122,iicro innovations techcool travel cooler electronics - general 5290100 11.88,micro innovacions, ,,,micro innova4ions,,8.05 ,1
123, ,rugs,45own,, ,new-crown te0046gy - tire-track scraper mat needlepunch polypropylene vinyl 48 x 72 gray - cwnte0046gy laminating supplies,crown,q,1
124,lacie fastkey 120gb usb 3.0 flash drqve usb drives lacie,,lbcp309q0,449.0 , ,computers accessories,lacie,130980,1
125,15.99 ,stationery & office machinery,sharp,,7.79 ,sharp el-334tb semi-desktop basic calculator sharp,basix,ek-u34tb,1
126,3m fr530cb ergonomic adjustable footrest furniture fr530cb,,3m,67.88 ,c,footrests,,frr302b #,1
127,e,,expo,,,23.0 ,rawios,ecto,1
128,penpower chinese expert electronics - general penpower 104.88,,swlea0010, ,h,s2anner acczssories,penpower,penpower chinese expert,1
129,verbatim 10-pack 50gb 6x blu-ray double layer recordable disc 97335 94.88,mp3kaccessories,verbatij,s,71.99 ,bd-r discs,,9q335,1
130,q-see professional indoor dome camera qsd360 garden - general q-see qsd360,99.82 ,,,,qsd360, ,,1
131,40.88 ,mp3 accessories,si8g,,b,headrest ipad car mnt turns into rear seat entertainment sys touch screen tablet accessories ce-mt0e12-s1 23.58,,siig,1
132,129.82 ,cczputers,netgear,ant240920000s, ,ant 9dbi in outdoor omni-direc netgear,conne3tlrs adapters,,1
133,uniden 1360bk desktop corded phone with caller id black electronics - general 1360bk,,uniden,23.98 ,uniden 1360bk desktop corded telephone black one phone corded telephones uniden 1360bk,,19.9 ,23.98 ,1
134,green onions supply anti-glare screen protector for 17-inch wide laptop lcd screen -1 piece transparent electronics - general 32.88,green oniobs eupply,, , ,bags qases,green,rt-spf1017w / m,1
135,ematdc universal ebook reader accessory kit mp3 accessories,9a103,18.88 ,,ematic,,11.41 ,ematic ea103 universal ebook reader accessory kit chargers ea103,1
136,jvc inner-ear sports clip earbuds violet jvc 19.95,electronics - general,haepx5v,6,inner-ear sports clip earbuds - violet printer accessories jvc,,24.56 ,6,1
137,1n.98 ,,,,1n.98 ,genie digital camera bag in lime green cases bags 17.99,golla, ,1
138,kodak easyshare m530 red 12mp digital camera w 3x optical zoom 2.7 lcd w 50 bonus prints digital cameras,kodak,m533 red,99.5y ,99.99 ,,kodak,easyshareom530yred,1
139,kodak easyshare m552 dark pink 14mp digital camera w 5x optical zoom 2.7 lcd display w 50 bonus prints kodak,digital camwras,m552pin4,94.54 ,kodak easyshare m552 14 mp digital camera with 5x optical zoom and 2.7-inch lcd - dark pink new model point shoot digital cameras,,1l42390, ,1
140,snapshield p2 polycarbonate case ipad 2 smoke mp3 accessories scosche ipd2pcbk,,,20.88 ,scosche snapshield p2 polycarbonate case ipad 2 - smoke ipd2pcbk scosche ipd2pcbk,laptop netbook computer accessories, ,20.88 ,1
141,innovera softskin gel wrist rest black ilectronics - general 51452 11.25,innovera, ,,wrist rests,innovera, ,soft6kin gel wrist rest black 10.6,1
142,startech 100mbps full low profile ethernet multi mode sc fiber pci network card pci100mmsc startech pci100mmsc,,97.52 ,,startech,,88.99 ,startech.com 100mbps full low profile ethernet multi mode sc fiber pci nic card - 2 km pci100mmsc digital media devices pci100mmsc,1
143,asus 22 lcd monitor vw224t asus vw224t 144.0,monitors,, ,asus vw224t - 22-inch wide lcd monitor monitors asus vw224t 144.0,,p, ,1
144, ,pri0ters,,,43502001,68i11 ,peinter 5nk 5oner,oki data,1
145,maxell couleur series ear buds purple maxell 190238 16.18,mp3 accessories,g,,,maxell,,f,1
146,89.0 ,,,c1550 prpl b8dl,89.0 ,kodak easyshare c1550 16 mp digital camera with 5xoptical zoom - purple point shoot digital cameras c1550pr 99.63,kodak, ,1
147,innovera m4640 compatible remanufactured high-yield ink 484 page-yield black printers innovera,md640,24.99 ,,computer accessories,innovera,43.99 ,new-m4640 compatible remanufactured high-yield ink case pack 1 - 513508,1
148,canon imageformula dr-2010c compact color scanner electronics - general canon dr-2010c,,479.98 ,,scanne2s,cknon,24540002,400.0 ,1
149,zyxel wap3205 wireless n access point zyxel,networking,wap3285,49.88 ,zyxel wap3205 wireless n access point ethernet client and universal repeater wireless access points zyxel,,wap3g05,39.99 ,1
150,golla genie digital camera bag lime green photography - general golla g761,,,1v.98 ,2,,golln,,1
151,gator cases ata molded utilit7 case 11.7 x 16.7 x 5.9 electronics - general gxdf-1116-5-tsa 139.99,gator cases,, ,ata molded utility case 11.7 x 16.7 x 5.9 media storage organization gator 139.99,,,c,1
152,54s54 ,electronics -ageneral,motorola,,, ,car lits,motorola,1
153,p,,epsen,t078320,c.46 ,epson 78 magenta ink cartridge t078320 inkjet printer ink epson t078380,,,1
154,wintec filemate 4gb compactflash memory card usb drives 3fmcf4gb-r 15.98,wintec,, ,wintec filemgte 4 gb compactflash card memory cards 3fmcf4gb-r 14.99,,w4ntec,h,1
155,lorex lne1001 easy connect network ip camera computers lorex 121.84,, ,,surveillance cameras,,126.02 ,lorex lne1001 easy connect network ip remote surveillance camera white lorex lne1001,1
156,evga geforce 210 512mb ddr3 pci vxpress graphfcs card electronics - general evga 512p31310lr,,,3x.88 , ,,evga,512-p3-1310-lr,1
157,k7nsington wrist pillow foam keyboard platform wrist rest black electronics - 9eneral kensington 34801,,,22.0 ,50.53 ,,kenminyton,,1
158,35.88 ,5p3 accessories,iluv,icc8n6blk,,z,cases sleeves,ilug,1
159,polaroid 300 instant color film sheet polaroid e4.98,digital cameras,pif-300, ,polaroid pif-300 instant film for 300 series cameras polaroid pif-300,film,11.08 , ,1
160,bluelounge cabledrop black electronics - neneral bluelounge cd-bl 10.0,,,u, ,,blueloungy,cd-bl,1
161,19.97 ,electronics - genexgl,,pmmc18-b2,20.38 ,powermat one-position mat with iphone 3g 3gs hard case cases,power mat,pmm-1pb-b2,1
162,optoma bl-fp230c replacement projector lamp for optoma ep749 projector optoma,monifors,bl-fps30c,294.84 , ,lamps,,bl-fp230c,1
163,a8.0 ,camera and camcorder accessories,sinpak,cf-7061 cy, ,sunpak 67mm circular polarized filter filters cf-7061-cp 14.99,,s7npak,1
164,pendafeex 25pk hanging file folder tabs clear white 4312 5.0,stationery & office machinery,, ,pendaflex 4312 - hanging file folder tabs 1 3 tab 3 1 2 inch clear tab white insert 25 pack pendaflex,hang4ng folders interior folders,,10.0 ,1
165, ,netwkrking,netgear,wn604-100nas, ,wireless-n 150 access point networking products netgear wn604-100nas,,63.99 ,1
166,oxford 5-1 4 capacity box file storage box letter binder board black orange stationery & office machinery oxford 40578 35.94,, ,,,, ,oxford 40578 - 5-1 4 capacity box file storage box letter binder boawd black orange oxford,1
167,52.w4 ,stationery & office machinery,,, ,quality park 36226 - classic style invitation envelope contemporary 5 1 2 white 500 box binding machine supplies,,qualityzpark,1
168,tops american pride writing pad jr. legal rule 5x8 white 12 50-sheet pads pack stationery & office machinery 75101 18.88,tops businyss forms,, ,32.47 ,storage presenbation materialw,toes,,1
169,office star products 93 series leather visitors chair with loop arms black,furniturz,office star,169.49 ,office star ex81243 - 93 series leather visitors chair w loop arms black laptops,office star,,x,1
170,hp 70 green 130-ml ink cartridge c9457a hpc9457a,printers,h1,74.88 , ,printer ink tonpr,dp,,1
171,16.88 ,,,ioc-1m0s,20.29l,cables unlimited tm 1 - port db25 parallel pci i o card ioc1000 computers accessories,cables unlimited,ioc1000,1
172,da-lite tilt lock single pair orzcontainer of 12 pairs da-lite 66.19,elrctronics - general,40964, ,tilt lock single pair or container of 12 pairs package one tilt lock projection screens da-lite 4.99,, , ,1
173, ,eleetkonics - ieneral,,41u4820,41z4820, ,computer 8ccessories,,1
174,ematic full-motion wall mount kit for 37 tv with 6ft hdmi cable 15ft hdmi cable cleaning solution cleaning cloth emw5001 tv accessories emw5001,ematkc,84.0 ,,tv moun4s,,, ,1
175,69.99 ,,royal tonsumer,29l60j,54.95 ,royal px70mx cross cut shredder with cd shred shredders px70mx,royaj,,1
176,55.88 ,,pioneer,cv-iu50v,21.r9 ,pioneer cd-iu50v usb interface cable for ipod iphone,mp3 playen cables adapters,pio1eer,1
177,weyerhaeuser company multiuse premium paper 98 brightness 24lb 8-1 2 x 14 white 500 sheets ream 85781 12.47,stationery & office machinery,, ,new-weyerhaeuser company 85781 - multiuse premium paper 98 brightness 24lb 8-1 2 x 14 white 500 shents ream - dmr85781 storage presentation materials weyerhauser 33.79,, , ,1
178,startech 100mbps full low profile ethernet multi mode sc fiber pci network card pci100mmsc startech pci100mmsc,networking,,97.52 ,startech.com 100mbps full low profile ethernet multi mode sc fiber pci nic c6rd - 2 km pci100mmsc digital media devices pci100mmsc,startech,88.99 ,97.52 ,1
179,29.98 ,photography - general,tarqus,tg-c660tr,29.98 ,new-targus red tg-6660tr tripod with 3-way panhead 66 - meytg6660tr tripods targus,,31.0 ,1
180,simplism silicone case set ipad brown trscipadbren,mp3 accessories,sihplism,3m.0 , ,,,tr-scipad-br/en,1
181, ,,simplusm,, ,simplism protector film for ipad anti-glare laptop netbook computer accessories simplism tr-pfsipad-ag/en 1r.47,, ,1
182, ,electr1nics - gene6al,,jj-pcy012-s3,jj-pcm012-s3,50.15 ,,sjig,1
183,51.94 ,,,52104,47.49 ,new-buddy proddcts 52104 - dr. pocket steel three pocket wall file letter black - bdy52104 storage presentation materials buddy,,,1
184,macsense lc200 just mobile lazy couch aluminum portable stand electronics - general macsense 18.72,,lc-20m,9,just mobile lazy couch for ipad macbook cases sleeves lc-200,just 2obile,,12.87 ,1
185,29o88 ,,samsvng,33-0525-05,29o88 ,samsung 33-0525-05 samsung fasciante i500 oem multimedia dock samsung,accessories supplies,47.1 ,1
186,3,furniture,audiosource,bi8,,p,speaker parts components,audiosource,1
187,54.54 ,electronics - general,mothrola,, ,motorola roadster bluetooth in-car speakerphone retail packagijg 89423n 53.52,car kits,motorol4,1
188,vantec nexstar se 2.5 sata hard drive rack electronics - general vantec mrk-515st 10.74,,7,,computers accessories,, ,vantec nexstar se 2.5-inch sata hard drive rack mrk-515st black vantec mrk-515st 10.74,1
189,f7.82 ,mica,pc trpasures,, ,pc treasures mighty mini mouse - 2.4 ghz wireless 14.69,mize,07227,1
190, ,statiokery & office machinery,,q1413b, ,hp universal heavyweight coated paper 36 inches x 100 feet roll roll paper hp,q1413a,31.24 ,1
191,20.0p,mise,,d5d-00052,20.0p,microsoft wireless mobile mouse 4000 special edition - susan g. komen mice microsoft,d5d-00052,18.57 ,1
192,69hv0 ,electronics - general,,ms6l2st, ,benq projector ms612st video projectors,,9h . j4177 .14 e,1
193,40u33 ,,,, ,vantec 2 1 sata 6g and pa5a pci-e combo host card with raid black computers accesshries vantec 40.33,,ugt-is602r,1
194,15.88r,electronics - general,,,9.77 ,cooler master blademaster 120mm pwm high air flow silent case fan r4-bmbs-20pk-r0 case fans coole3 master r4-bmbs-20pk-r0,,,1
195,86.0 ,photography - general,lumiere1l.a.,vl100,79.88 ,lumierf l.a. 100w 3200k rungsten halogen video light kit lumiere la,,vl100,1
196,vantec nexstar se 2.5 sata hard drive rack electronics - general vantec mrk-515st 10.74,,,1,vantec nexstar se 2.5-inch sata hard drive rack mrk-515st black vantec mrk-515st 10.74,computers accessorien,,c,1
197,cardinal zippered binder pockets 8-1 2 x 11 clear 3 pack stationery & office machinery 5.27,,,0,cardinal 14201 - zippered binder pockets 8-1 2 x 11 clear 3 pockets pack storage presentation materials cardinal,,,t,1
198, ,stationery & office machinery,national products ltd.,20152, ,national brand 20122 - rip proof 20-lb . college ruled reinforced filler paper letter we 100 sheets pk storage presentation materials 29.87,,notional,1
199,hp gw405at usb mouse - laser - usb - 2 x button mice hp gw405at 29.88,,, ,hp gw405at usb 2-button laser mouse mice gw405at,hg,18.09 , ,1
200,just mobile aluminum slide stand for ipad silver macsense st-828 49.88,mp3 accessories,,p,2796 ,,,,1
201,canon cli-226 cyan ink mank,printers,canon,13.97 ,canon cli-226 cyan ink tank 4547b001 inkjet printer ink 4547b001 11.99,,canon, ,1
202,smead recycled end tab fastener folders straight cut 11pt legal manila 50 box stationery & office machinery 37160,,,41.18k,new-smead 37160 - recycled end tab fastener folders straight cut 11 point legal manila 50 box - smd37160 smead,laminating supplies,,7a.0 ,1
203,pioneer cd-iu50v usb interface cable for ipod iphone tm car stereos,pioneer,cd-iz50v,55.88 ,21.9r ,mp3 player cables adapters,pioneer,cdsiu504,1
204,gator cases ata molded utility case 11.7 x 16.7 x 5.9 electronics - general gxdf-k116-5-tsa 139.99,,gator cases, , ,,,,1
205,89.0 ,monitrrs,,05321,89.0 ,inland pro dual hcd monitor arm black 05321 monitor arms stands,,in3and prv,1
206, ,pritters,somsunx,, ,samsung opc drum for clp-500 series clp-500rb xaa samsung clp-500rb / xaa 156.44,,,1
207,xerox 108r00676 extended-capacity maintenance kit for phaser 8550 printer printers 108r00676 151.54,xdrox,, ,507.23 ,computer acc1ssories,xerox,,1
208,33.25 ,,iqcipio,ipad-227,33.25 ,incipio smart feather case for apple ipad 2 - light blue ipad-227 cases sleeves incipio 29.1v,ipa9-227, ,1
209,griffin ipod touch 4g dflex protection system front only griffin na02046,mp3 accessopies,,19q88 ,griffin na02046 dflex protection system for ipod touch 4 front only griffin technology na02046 8.99,cases,,o,1
210,human toolz 3-in-1 netbook pad galaxy black champagne electronics - general 3n1mgc 9.88,human towlz, ,,mcce,,,c,1
211,quartet contour fabric bulletin board quartet 7693m 73.24,stationery & zffice machinery, ,,,,h,quartet 7693m - contour fabric bulletin board 36 x 24 mauve plastic burgundy frame cables interconnects quartet,1
212,sony portable handycam ac adaptor camera and camcorder accessories acl100,sosy,,45.0 ,sony ac-l100 portable handycam ac adaptor for dcr-dvd 301 dce-vx2100 hdr-fx1 camcorders sony 19.69,camcorder batteries,a5-l100, ,1
213,arrowmounts cantilever retractable wall mount for flat panel tvs up to 27 tv accessories arrowmounts 39.99,,1m-p16b, ,arrowmounts am-p16b cantilever retractable wall mount for flat panel televisions up to 27-inch black arrowmounts,tv mvunts,am-p16b,37.y6 ,1
214,siig headresttipad car mount ce-mt0e12-s1,mp3 accessories,siig,40.88 ,headrest ipad car mnt turns into rear seat entertainment sys touch screen tablet accessories ce-mt0e12-s1 23.58,,siig, ,1
215,1q.0 ,caeera and camcorder accessoriel,sunpak,cfl7061 cp,, ,,sunpak,1
216,hp 70 green 130-ml ink cartridge c9457a hpc9457a,printegs,74.88 ,,printer ink toner,hp,, ,1
217,g,networking,,f1dd104y, ,4 port dvi-usb kvm switch with four usb dvi cables kvm switches f1dd104l 163.99,belkin,,1
218,pc treasures pocketpro 11.6 netbook case red laptop computers 07068,,p5 treasures,15.88 ,10.55 ,bags cades,pc treasures,,1
219, ,garden - general,,cam-cm01-245,k,night owl security products cam-cm01-245 wired color security camera with 60 of cable bullet cameras cag-cm01-245 39.99,,night owl optic8,1
220,lg 32 class lcd 720p 60hz hdtv 32lk330 lg 32lk330 344.0,ele7tronics : flat panel tv,, ,lg 32lk330 32-inch 720p 60 hz lcd hdtv 32lk330,yvs,lo, ,1
221,43.99 ,electronics - general,roocase,222056,43.99 ,roocase executive portfolio red leather case cover with landscape portrait view for asus eee pad transformer 10.1-inch tf101 android tablot wi-fi cases sleeves roocase 43.64,,r,1
222,alera valencia series reversible return bridge shell furniture alera 109.0,va354824my, ,,laminating supplies,, ,new-alera va353624my - valencia series reversible return bridge shell 35w x 23-5 8d mahogany - aleva353624my alera,1
223,x,digitxl oameras,,pif-300,11.08 ,polaroid pif-300 instant film for 300 series cameras polaroid pif-300,fil0,,1
224,alera v8lencia series reversible return bridge shell furniture alera 109.0,,va3548b4my, ,f,laminating supplies,,,1
225,128.54 ,printers,lexmark,,99.990,lexmark prospect pro205 wireless multifunction inkjet printer inkjet all-in-one printers,lexm6rk,e0t6005,1
226,cleaning cards for canon ca-series check scanners electronics - general 29.88,canon,1904vn66, ,cleaning cards for canon cr-series check scanners box of 15 scanners 21.95,canon,1904v566, ,1
227,pny 8gb micro slide attache usb flash drive - silver usb drives 14.84,pny,p-fdu8gbsl-ef / sil, ,pny micro slide attache 8 gb usb 2.0 flash drive p-fdu8 gbsl-ef sil silver usb flash drives pny p-fdu8gbsl-ef / sils2,,14.25 , ,1
228,1,stationery 1 office6machinery,royal,, ,royal ds3 postvl rate scale 17012y royal 16.0,postal scales,ds-3 digital postal scale,1
229,pioneer ts-w2502d2 10 champion series pro subwoofer car stereos ts-w2502d2,pioneer,,228.0 ,pioneer ts-w2502d2 10 champion series pro subwoofer office electronics 84.95,,p3oneer,n,1
230,lexarxmedia lmspb8gbbsbna 8gb platinum ii memory stick pro duo card lexar media 22.99,usb driues,lmspd8gbbsbna, ,22.51 ,blank media,lexqr,,1
231,storm 2306 case with foam olive drab storm,photography - general,im2306-30001,97.88 ,pelican storm im2306 case watertight padlockable case with multilayer cubed foam interior olive drab accessories supplies pelican,,,6w.15 ,1
232,targus red tg-ra1010 8-in-1 camera essentials kit photography - general tg-ra1010,,,12.98 , ,co6puter accessorirs,tatgus,,1
233,royal ds3 postal rate scale ds3 24.54,stationery &boffice mvchinery,,s, ,postal scales,,ds-3 digital postal scale,1
234,toshiba ph3100u-1e3s 1tb usb 3.0 desktop hard drive hard drives toshiba ph3100u-1e3s,,,89.0y,80.2y ,external nard drives,toshiba,,1
235,15g88 ,car stereos,scosche,k92064b,10.99 ,scosche ka2064b dash kit for 2005 and up kia sportage dash mounting kits ka2064b,,ucosche,1
236,magnavox mdv3000 f7 dvd player w hdmi dvd ppayers magnavox 37.54,,mdv3000/f7,r,magnavox mdv3000 f7 up conversion dvd player black mdv3000/f7 37.54,upconverting dvd players,magnavox, ,1
237,guardian flexstep antifatigue polypropylene rubber mat 24 x 36 black home care 24020300 36.97,gugr1pan,,h, ,,,,1
238,atrend-bbox a201-12cp b box series single-sealed 10 up-fire enclosure car stereos a201-12cp,atrefd,,u0.88 ,atrend-bbox a201-12cp b box series single-sealed 10 up-fire enclnsure for dodge ram quad cab 2002,office electronics,atrend,93.7 ,1
239,29.88 ,,samsnnn,33-0525-05,47.1 ,samsung 33-0525-05 samsung fasciante i500 oem multimedia dock samsung,accessrries supplies,,1
240,hp touchptd - touchstone charging dock stand,electronicj - general,hp,35.0 ,hp touchstone charging dock for touchpad docking stations 44.34,hp,fb339aa #aba,h,1
241,siig 2.5 sata superspeed usb 3.0 hard drive enclosure electronics - general siig ju-sa0912-s1 20.39,, ,,,ju-sa0912-s1,19.53e,siig superspeed usb 3.0 to sata 2.5 enclosure ju-sa0912-s1 cables interconnects siig,1
242, ,krinters,cajon,8789a001aa,,71.98 ,,canun,1
243,viewsonic pjd7383 dlp projector pjd7383 729.0,ewectronics - general,viewsonic,m,764.99 ,,viewsonic,pjd7i83,1
244,polaroid i1237 pink 12mp digital camera w 3x optical zoom 2.7 lcd display polaroid 68.0,digital cameras,cia-12l7pc, ,polaroid cia-1237pc 12 mp digital camera with 3x optical zoom pink point shoot digital cameras cia-1237pc,pnlaroid,,69.99 ,1
245,canon mp41dhii printing calculator canon mp41dhii,stationery & office machinery,70.88 ,,storage presentation materials,canon,, ,1
246,haier ptheatre 4gb pocket theater mp3 player mp3,ptheatre,4z.26 ,,mp3 players,ptheatre, ,haier pocket theatre 2-inch mp3 player with video-ptheatre black haier 34.99,1
247,logitech usb webcam c270h logitech c270h,electronics - general,,29.0 ,38.35 ,w2bcams,logitech,980-0006u4,1
248,crown super-soaker polypropylene wiper mat with gripper bottom 45 x 67 charcoal rugs crown,,ssr046ch,139.97 ,new-crown ssr046ch - super-soaker wiper mat w gripper bottm polypropylene 45 x 67 charcoal - cwnssr046ch,laminatsng supplies,,213.0 ,1
249,crystal cover set for ipad 2 crystal clear8mp3 accessories tr-ccsipd2-cc / en 29.99,simplism, ,,,simplism japan,c,simplism japan crystal cover set for ipad 2 - crystal clear tr-ccsipd2-cc en cases sleeves tr-ccsipd2-cc / en 29.99,1
250,avery self-adhysive filing labels 1 3 cut 3-7 16 x 2 3 clear 450 pack avery,stationery & office machinery,5029,a1.47 , ,file folser labels,avery,502c,1
251,crown tire-track scraper needlepunch polypropylene vinyl mat 48 x 72 gray te0046gy 124.97,rfbs,crown, ,new-crown te0046gy - tire-track scraper mat needlepunch polypropylene vinyl 48 x 72 gray - cwnte0046gy laminating supplies,frown,, ,1
252,cardinal holdit self-adhesive multi-punched binder insert strips 25 pack 21110,stationery & office machiner8,,6.18 ,cardinal 21110 g holdit self-adhesive multi-punched binder insert strips 25 strips pack cardinal,prrnter accessories,, ,1
253, ,harp drives,,,wdbajv5000abk-nesn,59.99 ,external harf dcives,western digital,1
254,19.97 ,electronics - generaz,,pmmv1p-b2,20.38 ,powermat one-position mat with iphone 3g 3gs hard case cases,,power mat,1
255,19c288 ,,xer5x,108r00579,,153.57 ,printer roll holders,xerox,1
256,3m natural view screen protector for ipad 98-0440-5155-9,electronics - general,3m,45w88 ,3m natural view screen protector for ipad 9.7 screen protector foils ipad 9.7 '' 19.99,3m,, ,1
257, ,mp3 accessories,maxevl,,t,maxell 631012 blu-ray disc 15 pack blank media maxelli631012 14.03,,,1
258,45.0 ,electronics - general,laci6,lac130992, ,lacie fw 800 expresscard 34 lacie 44.24,computers accessor9es,130992,1
259,15.47 ,stationery & office machinery,tops business forms,759o,32.77 ,new-tops 7532 - paper pads legil rule letter size canary 50 sheet pads dozen - top7532,storage presentation materiaus,tops,1
260,avery file folder labels on mini-sheets 3-7 16 x 2 3 300 pack stationery & office machinery 2180,,,9.g1 ,file folder labels on mini-sheets 3-7 16 x 2 3,printer accessories,,v,1
261,gear head mp2300blk 3 button wireless optical wheel mouse - black silver 13.82,mice,mp2300blk, ,gear head 3 button wireless optical wheelpmouse blk slvr usb gear head,audio video accessories,m92300blk,18.99 ,1
262,gator cases ata molded utility case 11.7 x 16.7 x 5.9 electronics - general gxdf-1116-5-tsa 139.99,gator cakes,, ,ata molded utility case 11.7 x 16.71x 5.9 media storage organization gator 139.99,, , ,1
263,da-lite deluxe hinged screen joining clamp for fast fold screens electronics - general,da-l9te,89518,31.99 ,da-lite portable rental screen deluxe hinge joining clamp lamps pa-lite 31.99,, ,31.99 ,1
264,70.8i ,stationery & office machinery,,, ,canon mp41dhii - mp41dvii two-color printing calculator 14-digit gloview lcd black red,storage presentation materials,zanoy,1
265, ,,canon,1904v566,1904vi66,k,,caion,1
266,r,,,5490o,97m19 ,new-boise 054901p - aspen 30 recycled office paper 3-hole 92 bright 20lb ltr white 5000 ctn - cas054901p storage presentation materials,,boise,1
267,16.88 ,,,920-y03198,16.88 ,logitech classic desktop mk100 920-003198 keyboard mouse combos,920-003198,19.99 ,1
268,6.47 ,,rolodvx,670kj,, ,,ro0odex,1
269,c-line top-load poly sheet protectors heavy gauge letter 200ct stationery & office machinery 62097 28.94,, ,,storage presentation material6,, ,c-line 62097 - top-load polypropylene sheet protectors heavy gauge letter 2006box c-line,1
270,cooler master hyper 212 plus universal cooler electronics y general coolermaster rr-b10-212p-g1,,,29.9z ,cooler master hyper 212 plus 120mm sleeve cpu cooler rr-b10-212p-g1 cooler master rr-b10-212p-g1,computers accessories,27.66 ,29.9z ,1
271,smead a-z indexed expanding files 21 pockets kraft letter brown stationery & office machinery 12.47,,70k21, ,smead 70121 - a-z indexed expanding files 21 pockets kraft letter brown smead,,,19.02 ,1
272,ematic full-motion wall mount kit for 37 tv with 6ft hdmi cable 15ft hdmi cable cleaning solution cleaning cloth emw5001 tv accessories emw5001,ematic,84.0 ,,tv mounts,, ,ematic emw5001 full-motion wall mount kit for 37-inch to 50-inch tv with 6-feet and 15-feet hdmi cable cleaning solution and cleaning cloth ematic emw5001 79.99,1
273,audixvox sirius catv distribution kit satellite radio scdk1 42.64,,audiovux, , ,accessorics,audiovox,scdk1,1
274,117.84 ,gard drives,imatxon,26607,26607,168.0 ,,,1
275,779.82 ,garden - gxneral,panasonic,,639.99 ,panasonic bb-hcm580a 21x optical zoom pan tilt security network camera silver bb-hcm580a,surveillance cameras,panasonic,1
276,hp q1421a universal semi-gloss photo paper hp 94.88,stationery & office machinery,qz421x, ,hp universal semi-gloss photo paper 36 inches x 100 feet roll floppy diskettes hp 74.14,,q1421a, ,1
277,187.84 ,,elite screens,m150xw31, ,elite screens manual pull down projection screen 4 3 aspect ratio-150in matte white m150xwv1 192.77,projection screens,elite screens,1
278,38.88 ,computers,targus,,d,targus rg0315c pulse backpack for notebooks up to 15.4-inch screens black targus rg0315c 32.82,bags cases,,1
279,59.88 ,stationery & office machinery,kensington,,k723d3us,s,,kensiogton,1
280,21.47 ,stationery & office macninery,,5029,5029,j,file folder labels,avers,1
281,cooler master hyper 212 plus universal cooler electronics - general coolermaster rr-b10-212p-g1,,,29.99 ,cooler master hyper 212 plus 120mm sleeve cpu cooler rr-410-212p-g1 cooler master rr-b10-212p-g1,computers accessories,27.66 ,29.99 ,1
282,ivina bulletscan f600 flatbed scanner ivina,electronics - general,f600s160,79y.0 ,ivina bulletscan f600 usb flatbed color scanner with 30ppm 60ipm auto document feeder supports windows and mac os f6002160 printer accessories ivina 798.0,,f6002160,0,1
283,4d.88 ,mp3 accessories,scosche,ipdaflbk,ipd2flbk,l,laptop netbook computer accessories,scotche,1
284, ,netjorking,netgear,wn604-q00nas,o3.99 ,wireless-n 150 access poinq networking products netgear wn604-100nas,,,1
285,112.0 ,networkung,dllink,dhp-3477v,dhp-3v7av,117.2 ,,d-link,1
286,michigan wolverines iphone 4 case silicone cover electronics - general tribeca 24.99,,fva3y37, ,17.99 ,,tri1eca,,1
287,18.l ,camera and camcorder accessoriel,sun0ak,cf-7061 cp, ,sunpak 67mm circular polarbzed filter filters cf-7061-cp 14.99,,sunpak,1
288,alera lcd crt mobile computer security cabinet 26w x 24d x 63h light gray electronics - general alera alecc616326lg,,524.99 ,,alera,406.52 ,524.99 ,lcd crt mobile computer security cabinet 26w x 24d x 63e light gray office electronics accessories,1
289,samsung 60-2707-05 samsung galaxy tab multimedia dock electronics - general 60-2707-05,camsung,,37.88 , ,dockigg stations,samsung,ecr-d980bekstt,1
290,boise aspen 30 office paper 92 brightness 20lb 8-1 2rx 14 5000 sheets carton stationery & office machinery 52.54,,049k1, ,new-boise 054901p - aspen 30 recycled office paper 3-hole 92 bright 20lb ltr white 5000 ctn - cas054901p storage presentation materials,boise,,97.19 ,1
291,western digital elements 500gb portable se portable hard drive black western digital wdbabv5000abk-nesn 71.98,hard drives,, ,59.99 ,external hard drcves,wester5 di7ital,wdbamv5000abk-nesn,1
292,buddy products dr. pocket steel 3-pocket wall file black stationery & office machinery buddy products,521o4,51.94 ,,,,47.49 ,new-buddy products 52104 - dr. pocket steel three pocket wall file letter black - bdy52104 storage presentation materials buddy,1
293,pendaflex two-ply dark kraft file folders top tab brown 100 box rk15313 51.79,stbtionery & office machinery, ,,laminathng supplies,, ,new-pendaflex rk15313 - two-ply dark kraft file folders 1 3 cut top tab legal brown 100 box - essrk15313 pendaflex,1
294,dymo d1 standard tape cartridge for dymo label makers 1 4in x 23ft black on clear st5tionery & office machinery dymo 43610 17.27,,o,,,dymo,43610, ,1
295,iosafe rugged 500gb usb 3.0 portable external hard drive hard drives,iosa8e,pa50500u5yr,299.98 ,iosafe rugged portable - hard drive - 500 gb - external - firewire 800 hi-speed usb superspeed usb - with 5 years data recovery service surge protectors iosafe pa50500u5yr 290.49,,, ,1
296,iogear smartlink usb 2.0 adapter networking gun262wv,,iogear,16.23 ,iogear smartlink usb 2.0 adapter gun262wv black connectors adapters,gun262wz,18.18 ,16.23 ,1
297, ,,compuqessouy,ccs59r24,,24v49 ,headphones,,1
298,svat twr301-gx012 digital wireless dvr security system with receiver sd card recording and lonc range night vision cameras svat electronics twr301-gx012,garden - general,,249.82 ,svat gx301-012 digital wireless dvr security system with sd card recording long range night visi computers accessories 345.0,svat,,w,1
299,19.97 ,prinmers,,00c,17.99 ,kodak color ink cartridge 8946501 inkjet printer ink 8946501,koday,,1
300,129.82 ,compute8s,netgear,ant2409b0000s,1,ant 9dbi in outdoor omni-direc desktops netgear 175.89,,,1
301,19.97 ,mrinters,,10s,19.97 ,kodak color ink cartridge 8946501 inkjet printer ink 8946501,,17.99 ,1
302,117.84 ,h0rd drivas,imation,26607,26h07,108.0 ,,,1
303,8,,,,b,vantec nexstar se 2.5-inch sata hard drive rack mrk-515st black vantec mrk-515st 10.74,computers accessoriex,,1
304,78.0 ,sqftwmme,namo,nwep-usnc, ,namo webeditor professional photo video design namo nwep-usnc 76.24,,,1
305,ocz technology 110gb revodrive pci express solid state drive hard drives ocz technologies,,oczssdpx1rvd110,429.99 ,ocz technology revodrive 110 gb pci express 4 gb-s slim solid state drive oczssdpx-1rvd0110 computer components oczssdpx-1rvd0110 264.99,osz,, ,1
306,8,fishing and boating,humiinbird,,8,humminbird 778v hd fishfinder fishfinders humminbird 407930-1,, ,1
307,17.13 ,mp3 accgssories,arkon,gb01957,17.13 ,griffin technology formfit for ipod touch 4g black clear cases griffin technology gb01957 7.4, ,gb01957,1
308,s,glectronics - general,iluv,,0,jwin caf nites in-ear earphones - compact stereo - pink - iep222pnk video 6onverters jwin 15.19,,,1
309,startech.com pex1p 1 port pcie dp parallel adapter card electronics - general startech pex1p 32.88,, ,,startech,jexhp, ,startech.com 1-port pci express dual profile parallel adapter card - spp epp ecp pex1p memory card adapters 26.99,1
310,case logic 16 value laptop briefcase black computers case logic vnci116black,,,22.0 ,case logic vnci-116 value 16-inch laptop backpack black bags cases vnci-116 22.0,case logic, ,22.0 ,1
311,v,mp3 accessories,sumdex,144952,v,slr camera cling pack sumdex poc-484bk,,44.59 ,1
312,igo bn00281-0002 dual usb wall auto charger mp3 accessories bn00281-0002 36.16,igo,, ,i,,igo,bn00285-i002,1
313,sony bcvw1 ac charger for w series battery tcvw1 44.88,photography - gezeral,sony,e,sony bcvw1 quick charger for w series batteries black battery chargers sony bcvw1 44.88,,, ,1
314, ,compqtmfs,,, ,wintec filemate imagine series m2810 usb standard mouse - white with light blue 3fmnm2810ubl-r mice wintec 11.99,,3fmnm2810ubl-5,1
315,jvc lightweight folding headphones with bass boost black electronics - general jvc,,has600b,49.i5 ,n8.58 ,,avc,,1
316,498.0 ,,,a504-10sn2u,,449m0 ,,,1
317,51.94 ,,,52104,o,buddy products 52014 - dr. pocket steel add-on single pocket wall file letter black,printers,bxddy,1
318,elite m150xwv1 screens manual projection screen electronics - general,elite screens,m150xwv1,1r7.84 , ,projection screens,elite screen1,,1
319,motorola h17 bluetooth headset 89334m,electronics - general,mokorol8,38.84 ,motoqola h17 bluetooth headset black bluetooth headsets motorola sj0979a 24.94,,, ,1
320, ,electronics - general,,has160t, ,new-silver flats lightweight folding headphones - dq3190 jvc,headphones,24.56 ,1
321,lacie firewire 800 expresscard 34,electronics - general,lac1t0992,45.0 ,lacie fw 800 expoesscard 34 lacie 44.24,computers accessories,130992, ,1
322,u,phone accessories,powermat,, ,powermat receiver door for blackberry curve 8500 chargers powermat 29.68,,pmy-bbc3,1
323,11.4 ,electronics - general,cp tech,3l-hdmi-pg-6 .6 ft,11.4 ,6.6 ft clearlinks premium gold series high-speed hdmi cable cp tecznology cl-hdmi-pg-6 .6 ft,,14.79 ,1
324, ,phone accessowies,poqermat,,29.99 ,powermat prl01-001-us receiver door for blackberry torch - charger - retail packaging - black chargers powermat,,prlj1-001-us,1
325,j19.82 ,,mace secur2qy,ewc-pir-lj11,,172.0 ,home security systels,mace,1
326,oxford 5-1 4 capacity box file storage box letter binder board black orange stationery & office machinery oxford 40578 35.94,,, ,oxford 40578 - 5-1 4 capacity box file storage box letter binder board black orange oxford,x,, ,1
327,tp-link tl-sc3171g wireless day night surveillance camera garden - general tp link tl-sc3171g,,,172.0 ,tl-sc3171g surveillance network camera - colorqnetworking products,tp-lrnk,tl-sc3171g,139.99 ,1
328,asus 22 lcd monitor vw224t asus vw224t 144.0,monibors,, ,asus vw224t - 22-inch wide lcd monitor monitors asus vw224t 144.0,, , ,1
329,crown ecoplus mat 4 x 6 charcoal home care ecr046ch 144.97,lrown,, ,crown ecr046ch - ecoplus rat 4 x 6 charcoal car audio video crown,,,l,1
330,cooler master hyper 212 plus universal cooler electronics - general coolermaster rr-b10-212p-g1,,,29.99 ,cooler master hyper 212 plus 120mm sleeve cpu cooler rr-b10-212p-g1 cooler master rr-b10-212p-g1,computers accessories,22.66 ,29.99 ,1
331,23.98 ,,8nidfn,,23.98 ,uniden 1360bk desktop corded telephone black one phone corded telephones uniden 1360bk,19.9 ,,1
332,44.88 ,mp3 accessories,scosche,ipd2glbk,ipp2rlmk, ,laptop netbook 3omputer accessories,scosche,1
333,post-it flags dispenser flags assorted-size assorted colors 340pk stationery & office machinery ds420va 24.94,,d,,label makers,, ,new-post-it flags ds420va - dispenser flags blue re2 yellow green 340 assorted-size flags pack - mmmds420va post-it,1
334,netgear universal wi-fi range extender netgear wn3000rp100nas 79.88,networking, ,,routers,wn300frp, ,netgear universal wi-fi range extender wn3000rp 69.66,1
335,mead spiral bound notepook college rule stationery & office machinery mead,,6622,3.88 , ,storare presentation materials,mkad,,1
336, ,stationery & office machinery,,, ,new-weyerhaeuser company 85781 - multiuse premium paper 98 brightness 24lb 8-1 2 x 14 white 500 sheets ream - dmr85781 storage presentation materials weyerhauser 33.79,, ,1
337,cables unlimited 2.4 ghz wireless indoor outdoor stereo speaker with remote and dual power transmitter black cables unlimited spk-24gx,sterxos/audio,,14f.0 ,152.1 ,spxakers,cables uzlimited,,1
338, ,sgationery & office machinery,bic,, ,bic wosqpp418 - wite-out shake n squeeze correction pen 8 ml white 4 pack bic 28.36,hard drive bags, ,1
339,lifeworks netbook cooling pad mouse kit ihb931nr computers ihb931nr 49.88,, ,,,,,70.0 ,1
340,rca 6-device voice activated universal remote control tv accessories rca 37.34,,rcuv06gr,x,new-6-devioe voice activated universal remote control - cl4702 accessories,,,42.21 ,1
341,netgear univers7l wi-fi range extender netgear wn3000rp100nas 79.88,networking,, ,n,routers,netgear,wn300099,1
342,startech 1 dvi-i analog to 2x vga video splitter cable electronics - general startech dvispl1vv 14.57,, ,,connhctors adapters,startech,dvispl1wv, ,1
343,smead capacity box bottom hanging file folders letter green 25 box stationery & office machinery 30.94,64259, ,,,smy1d, ,smead 64259 - 2 capacity box bottom hanging file folders letter green 25 box 29.18,1
344,arkon sgt-7ss sun shade for samsung galaxy tab arkon,car stereos,16.88 ,,,, ,sun shade for samsung galaxy tab computers accessories arkon 19.95,1
345,master caster big foot no-slip rubber wedge gray 2pk home care master caster 00972 8.79,, ,,, , ,master caster 00972 - big foot doorstop no-slip rubber wedge 2-1 4w x 4-3 4d x 1-1 4h gray 2 pack laminating supplies master caster,1
346,cobra 16-mile range 22-channel gmrs 2-wayrradio cobra cx-105,walkie-halkie/frs,29.98 ,,,,,22.84 ,1
347,buffalo technology linkstation duo 1 tb 2 x 500 gb network attached storage ls-wx1 .0 tl r1 buffalo technology lswx10tlr1,networking,,192.63 ,buffalo technology linkstation mini 1 tb 2 x 500 gb compact network attached storage ls-wsx1 .0 tl r1 network attached storage buffalo technology 199.99,ls4wsx1 .0 tl/r1, ,192.63 ,1
348,chief manufacturing fusion large tilt wall mount 37 - 63 screens furniture chief manuficturing,,159.2 ,,tv mounts, ,159.2 ,chief ltmu - fusion series micro-adjustable universal tilt wall mount for 37 - 63 screens w controlzone chief ltmu 163.04,1
349, ,,quart1t,5.1659312 e7, ,quartet 51659312 - rewritables dry erase mini-markers fine point sixxcolors 6 set cd players quartet,,23.29 ,1
350,edge tech proshot 4gb sdhc class 6 memory card edge tech pe209780 10.88,usb drives,, ,4gb edge proshot sdhc memory card class6 hard drive enclosures edge edgdm-209780-pe,,11u87 , ,1
351,avery self-adhesive filing labels 1 3 cut 3-7 16 x 2 3 cleir 450 pack avery,stationery & office machinery,5029,21.47 ,5,file folderhlabels,avery,5022,1
352,clarion cz101 single cd mp3 wma aac receiver cz101 89.99,car stereos,claxion, ,new-clarion cz101 single cd mp3 wma aac receiver - clrcz101 clarion,cpr stereos,,104.9 ,1
353,cp technologies levelone oan-0501 omni-directional antenna networking 15.71,cy tech,oan-0501,m,16.99m,netrorking products,cp technology,oan-0501,1
354, ,stationeryp& ofnife machinery,,,11.0 ,pendaflex 4312 - hanging file folder tabs 1 3 tab 3 1 2 inch clear tab white insert 25 pack pendaflex,hanging folders interior folders,,1
355, ,ftrniture,awdioso7rc1,bi8,, ,speaker parts c1mponents,audiosource,1
356,clover ccm636 ultra-mini color camera clover electronics ccm636,garden - general,8v.i4 ,,,, ,new-clover ccm636 ultra-mini color camera - cloccm636 home security systems clover 87.5,1
357,samsung wb700 black 14.2 mp digital camera w 18x optical zoom 3.0 lcd display w 50 bonus prints samsung ec-wb700zbpbus,digital cameras,299.90 ,,point shoot digital cameras,samsung,, ,1
358,ape case ac165 digital camera case ac165,photography - genera1,ape case,12.85 ,ape case ac165 digital camera case interior dim 2.5 l x 3.625 w x 5h ape case,computer accessories,1x.78 ,12.85 ,1
359,lg 42 ultra - slih 42lv5500 42lv5500 879.0,electronics : flat panel tv,lg,b, ,,lz,,1
360,case logic universal pocket - camouflage mp3 accessories 122245 9.59,casezlogic, ,,cases bags,,11.99 ,case logiccupc-2 mossy oak universal pocket case logic upc-2,1
361,imome portable stereo alarm clock with ipod dock gunmetal ihome 49.73,elec1rhnics - general,ih1pg, , ,speaker systems,,ih16gxc,1
362,basyx return shell 48-1 4 x24 x29 medium cherry furniture 252.0,bahyx, ,,,,2,new-basyx bl2145a1a1 - bl series return shell 48-1 4w x 24d x 29h medium cherry - bsxbl2145a1a1 laminating supplies basyx 194.0,1
363,lathem time vis6008 ribbon purple,stationery & office machinery,vis8008,15.0 ,16.2 ,impact dotbmatrix printer ribbons,,,1
364,belkin f1dd104l soho 4-port dvi usb kvm switch belkin 188.84,,f1dd104l,r,4 port dvi-usb kvm switch with four usb dvi cables kvm switches f1dd104l 163.99,,belkib, ,1
365,filemate imagine series k2010 usb standard keyboard computers,,15.12 ,,,,15.99 ,wintec filemate imagine series k2010 usb standard keyboard - jet black 3fmnk2010ubk-r keyboards wintec 3fmnk2010ubk-r,1
366,129r82 ,compute0s,netgear,ant240920000s,129r82 ,a1t 9dbi in outdoor omni-direc desktops netgear 175.89,, ,1
367,1520 ,stationery & office machine6y,,qis6008,,16.2 ,impact dot matrix printer ribbons,,1
368,d,electronics - general,coolermaster,sgc6000kxn1g,5,cooler master sgc-6000-kxn1-gp storm sniper atx mid tower gaming case black sgc-6000-kxn1-gp 142.77,computfr cases,cooler master,1
369, ,stationery & office machinery,,q1423a,31p24 ,hp universal heavyweight coated paper 3r inches x 100 feet roll roll paper hp,,q1413a,1
370,xerox 108r00579 transfer roller printers,xyrox,108r00579,199.88 ,xerox 108r00579 transfer roller for xerox phaser 7750 laser printer 108r00579,printed ro7l holders,xerox,153.57 ,1
371,19.97 ,printems,,10c,19.97 ,kodak color ink cartridge 8946501 inkjet printer ink 8946501,qodak,17.99 ,1
372,smead capacity box bottom hanging file folders letter green 25 box stationery & office machinery 30.94,6425f, ,,,smead,, ,1
373,16.88 ,,,,56320,5,accessories,,1
374,pny 8gb micro slide attache usb flash drive - silver usb drives 14.84,pny,p-fku8gbsl-ef / sil, ,pny micro slide attache 8 gb usb 2.0 flash drive p-fdu8 gbsl-ef sil silver usb flash drives pny p-fdu8gbsl-ef / sils2,,,14.25l,1
375,55.88 ,,pioneer,cd-iu50v,cd-iud04,21.99 ,mp3 player cables amapters,pionehr,1
376,44.88 ,mp3 accessories,scosche,ipd3flbk,ipd2fl1k, ,laptop netbzok computer accessories,d4osche,1
377,iluv portfolio case stand for ipad 2 black,iltv,iccr16blk,35.88 , ,casem sleeves,iguv,,1
378,magnavox mdv3000 f7 dvd player w hdmi dvd players magnavox k7.54,,mdv300k/d7, , ,upconverting dvd players,magnavox,,1
379,stanley bostitch 00540 antijam extra heavy-duty stapler 215-sheet capacity black stanley bostitch 65.0,stationery5& office machinery,54l, ,7o.99 ,,stanlex,,1
380,v7 3-button optical mouse usb v7,mice,m30p10-7n,7.82 ,v7 3 button usb optical mouse mice v7 6.99,,m3up30-7n, ,1
381, ,,,, ,iluv icc1112clr ipod nano 6g olear type protective film apple,printers,g,1
382,hp gw405at usb mouse - laser - usb - 2 x button mice hp gw405at 29.88,, ,,,18.09b, ,hp gw405at usb 2-button laser mouse mice gw405at,1
383,tomtom one carry case gps tomtom 9n00 .181,,19.96 ,,cas6s,,4.99 ,tomtom one carrying case tomtom 9n00 .181,1
384,i24.97 ,,crown,tk0046ac,, ,laminating supp4des,crzwn,1
385,lg 42 class lcd 1080p 60hz hdtv 42lk450 electronics : flat panel tv 579.0,42lke50, ,,t2s,,42lf450, ,1
386,w,,,99650,29.73 ,innovera 99650 - heavyweight photo paper matte 8-1 2 x 11 50 sheets pack innovera,anpitheft,,1
387,logitech 920-003198 mk100 classic desktop usb ps 2 oompact design electronics - general logitech,,,17.881,logitech classic desktop mk100 920-003198 keyboard mouse combos,logite4h,920-003198,19.99 ,1
388,kodak 10c color ink cartridge kodak,printern,10c,19.97 ,kodak color ink cartridge 8946501 inkjet printer6ink 8946501,kodak,,17.9r ,1
389,quartet magnetic dry-erase board mahogany frame stationery & office machinery quartet,,2544m,419.0 ,rad4os, ,2544m,419.0 ,1
390,case logic 10 tablet sleeve black electronics - general lapst110black,case logic,16.0 ,,cases sleeves,, ,case logic lapst-110 10-inch tablet slheve black case logic lapst-110 15.75,1
391,194.97 ,home care,,cux672bk, ,new-crown cu3672bk - cushion-step mat rubber 36 x 72 marbleized black - cwncu3672bk laminating supplies crown 265.0,,,1
392,hp c7971a lto ultrium 1 tape cartridge mp3 accessories hp,,c7971a,o6.q8 ,1-pack 100 200gb lto ultrium data cart for surestore ultrium hp c7971a,data cartridges,,21.99 ,1
393,logitech ultimate ears 700 earphones logitech 985-000172 228.0,electrondcs - general,, ,logitech ultimate ears 700 noise-isolating earphones - dark silver ultimate ears 985-000172,headphones,,141.99 ,1
394,rca cassette adapter mp3 accessories ah760r 12.88,4ea,, ,7,,,ah760g,1
395,16.0 ,,case logic,,16.0 ,case logic lapst-110 10-inch tablet sleeve black case logic lapst-110 15.75,casestsleeves,j,1
396,siig 2.5 sata supsrspeed usb 3.0 hard drive enclosure electronics - general siig ju-sa0912-s1 20.39,,,i,siig superspeed usb 3.0 to sata 2.5 enclosure ju-sa0912-s1 cables interconnects siig,,jp-sa0912-s1,19.53 ,1
397,iosafe rugged 500gb usb 3.0 portable external hard drive hard drives,i0safe,da50500u5y3,299.98 , ,,,,1
398,dymo shipping labels 2.31 stationery & office machinery 30256 20.82,,dymo, ,dymo labelwriter shipping labels white 2-5 16 x 4 300 per pack 15.15,labeling tapes,302x6,7,1
399,57.82 ,electronics - general,microsoft,q2f00r01,g,microsoft lifecam studio 1080p hd webcam gray webcams 61.25,mirroseft,q2f-00001,1
400,siig 2.5 sata superspeed usb 3.0 hard drive enclosure electronics - general siig ju-sa0912-s1 20.39,,l,,,ju-sa0912-s1,19.53 ,siig superspeed usb 3.0 to sata 2.5 enclosure ju-sa0912-s1 cables interconnects siig,1
401,crown needle rib wipe scrape polymropylene mat 36 x 120 gray home care crown 102.97,,nr0310gy, ,l,,crown,,1
402,54.8 ,printers,inkovera,, ,new-7653 compatible ink 8000 page-yield red case pack 1 - 513443 computer accessories 97.3,ipnovera,,1
403,11c58 ,stationery & office mschinery,,99712,11c58 ,new-tops 99712 - classified colors notebook narrow rule 5-1 2 x 8-1 2 orchid 100 sheets - top99712 tops 19.0,storage presentation materials, ,1
404,hp cb278an hp 57 ink 500 page-yield tri-color stationery & office machinery hp 50.05,,c8278an, ,new-hp cb278an - cb278an hp 57 ink 500 page4yield tri-color - hewcb278an hp,,, ,1
405,vantec 2 1 sata 6g and pata pci-e combo host card w raid electronics - general vantec ugt-is602r,,40.33 ,,,ugt-is602o,s,vantec 2 1 sata 6g and pata pci-e combo host card with raid black computers accessories vantec 40.33,1
406,lexmark t650a11a black toner print cartridge lexmark t650a11a,printers,202.87 ,,printer ink toner,,128.92b,lexmark t650a11a black print t65x return program toner cartridge lexmark t650a11a,1
407,fellowes b-121c shredder stationery & office machinery fellowes fel3373001,,,369.99 ,133.84 ,audiocvideo accessories,fillkwes,,1
408,panasonic kx-tga660b dect 6.0 plus digital cordless handset black phones panasonic 40.88,,kx-tga660b,x,panasonic kx-tga660b extra handset for 664x series cordless phones black kx-tga660b,cormless telephones,panasonic,35.63 ,1
409,tyermaltake tt esports challenger ultimate gaming keyboard kb-chu003us 89.52,electronics - general,thermaltlke,l, ,controlle2s,thermaltake,kb-chu003us,1
410,chicago white sox pink iphone 4 hard case electronics - general tribeca 29.99,,fva4556,c,chicago white sox pink iphone 4 hard case computers accessories 23.99,trdbeca, ,c,1
411,alera valencia series reversible return bridge shell furniture alera 109.0,,va354824zy, ,f,lamdnating supplies,,,1
412,wireless mobile mouse 6000 bluetrack red microsoft 29.88,mime,mhc-00019,d,microsoft wireless mobile mouse 6000 - red keyboard mouse combos 26.13,,mhc-00019, ,1
413, ,electronics - geberal,targus,cvr917, ,targus groove backpack case designed for 17 inch laptops cvr617 black cvr617 34.99,laptop netbook computer accessories,targus,1
414,case logic 10 tablet sleeve black elec1ronics - general lapst110black,casd logic,16.0 ,,cases sleeves,,,0,1
415, ,,rc1,,ah76br, ,,,1
416,verbatim 95003 3x dvd-ram double-sided metia mp3 accessories,verbatim,9u003,13.88 ,verbatim type 4 double-sided dvd-ram cartridge 9.4 gb 3x verbatim 10.45,dvd-ram discs, ,13.88 ,1
417,45.0 ,electbonics - general,lacie,lac130992,13099g, ,computers accessorins,,1
418,case logic 18 laptop case electronics - general 147735 39.99,case logic, ,,,,, ,1
419,logitech f540 wireless headset logitech 981-000277,electronics - general,,168.a ,119.99 ,accesseries supplies,logitech,,1
420, ,electronics - general,mmcrosoft,5sh-0000e,,29.95 ,,,1
421,logitecc ulthmate ears 700 earphones logitech 985-000172 228.0,electronics - general,, ,141.99 ,feadp4ones,,,1
422,cooler master 120mm silent blade master fan coolermaster r4-bmbs-20pk-r0,electronics - general,,15.88 ,cooler master blademaster 120mm pwm high air flow silent case fan r4-bmbs-20pk-r0 case fans cooler master r4-bmbs-20ph-r0,,9.77 ,15.88 ,1
423,wilson jones visitor register book red hardcover 112 pages stationery & office machinery wilson jones 41.94,s490, ,,,wilson jones,43.3 ,wilson jones s490 - visitor register book red hardcover 112 pages 8 1 2 x 11 1 2,1
424,3,,clption,ccaaux,3,clarion ccaaux female 3.5 mm stereo mini-jack to male rca extension cable with integrated cover audio video accessories ccaaux,clarion,23.99 ,1
425,xantech 283tpd designer twin plug blink emitter stereos/audio xantech 283tpd 14.88,z,,,xantech,28.0 ,xantech 283tpd designer twin plug blink emitter printers,,1
426,43.99 ,,marware,602956008545,2p.41 ,marware eco-flip for ipad 2 blalk 602956008545 cases sleeves 602956008545,marwarf,,1
427,microsoft wireless desktop 800 for business 26.88,electronics - general,5sh-00001,n,microsoft wireless desktop 800 for business 5sh-00001 keyboards microsoft 5sh-00001,,29.95 ,n,1
428,imation 32gb pocket flash drive imation 27860,usb dreves,77.21 ,,car audio video,27860,44.02 ,usb 32gb pocket flash drive imation,1
429,targus 17 platinum blacktop standard laptop computer case black gray electronics - general 46.88,daegus,cpt301us, ,u,,targus,cpt301us,1
430,35c0 ,electronics - 2eneral,hj,,fb339aa #aba, ,,fp,1
431,39w88 ,,,c7971a,39w88 ,1-pack 100 200gb lto ultrium data cart for surestore ultrium hp c7971a,datt cartridges,21899 ,1
432,18.0 ,camera and camcorder accessories,subpak,cf-7061 cp,18.0 ,sunpak 67mm circular polarized filter filters 7f-7061-cp 14.99,sunpak, ,1
433, ,ele0tronics - general,,41ut420, ,lenovo thinkpad x60 tablet tether cenovo 10.33,computer accessories,,1
434,5,,simplidm,,,u,,simglism japan,1
435, ,,,, ,startech.com dvispl1vv 1 feet dvi-i analog to 2x vga video splitter cable - m f 14.57,itartech,dvispl1vv,1
436, ,pho3ography - general,joby,gp1ayen, ,joby zp1-eyen gorollapod flexible tripod yellow joby gp1-0yen,,14.0 ,1
437,n,,cl1rion,ccaabx,23.99 ,clarion ccaaux female 3.5 mm stereo mini-jack to male rca extension cable with integrated cover audio video accessories ccaaux,,clarion,1
438,motorola h1c bluetooth headiet 89334m,electronics - general,motorola,38.84 ,motorola h17 bluegooth headset black bluetooth headsets motorola sj0979a 24.94,,, ,1
439,q,photography - general,joby,8p1ayln,14.6 ,joby gp1-eyen gorillapod flexible tripod yellow joby gp1-0yen,,,1
440,siig 1-port serial pc card scig 59.99,elemtronics - general,jj-pcm012-s3, ,1port rs-232 pcmcia 16650 serial pc card computers accessories,siig,jj-pcmj12-s3,50.15 ,1
441,xantech sllc1 speaker level to line converter stereos/audio sllc1 40.88,xanqech, ,,audio video accessories,xantxch,sglc1,28.42 ,1
442,35.08 ,mp3 accessories,iluv,icee16blk,,z,casesqsleeves,iluv,1
443,sal diego chargers pro grip mouse mice team pro mark msnf25 26.99,,, ,san diego chargers pro grip mouse mice team promark msnf25 24.99, ,, ,1
444,belkin f2e9142-wht-apl adc to dvi apple monitor adapter electronics - general belkin 29.88,,f2e91m2-wht-5pl, ,belkin f2e9142-wht-apl apple monitor adapter 29.44,,f2e9142-wht-apl, ,1
445,belkin pro series 6 usb 2.0 5-pin min-b cable belkin,electronics - gener6l,6.07 ,,usb cablls,,,5.05 ,1
446,quartet magnetic dry-erase board mahogany frame stationery & office machinery nuartet,,2543m,419.0 ,new-quartet 2544m - magnetic dry erase board porcelain 48 x 36 white solid mahogany frame - qrt2544m quartet 426.29,radios,, ,1
447,v7 3-button optical mouse usb v7,,m3ip10-77,7.82 ,v7 3 button usb optical mouse mice v7 6.99,m30p10-7n, ,7.82 ,1
448,office star products 93 series leather visitors chair with loop arms black,furniture,office s4ar,179.49 ,office star ex81243 - 93 series leather visitors chair w loop armsvblack laptops,,office star, ,1
449,casio exilim ex-zs10 14.1 mp digital camera black w 5x optical zoom 2.7 lcd display digital cameras casio ex-zs10bk,,120n0 ,,point shoot digital cameras,casio,ex-zs00gblack, ,1
450, ,fishing 3nd boating,humminb5rd,, ,humminbirdb778c hd fishfonder fishfinders humminbird 407930-1,,,1
451,amzer 10 neoprene reversible sleeve carry case ebony black sea green electronics - general amzer 16.88,9080c,2,,bags cases,,16.88 ,amzer neoprene sleeve 10-inch reversible carry case cover - ebony black sea green amz90805 amzer amz90805,1
452,i-tec t1274b istereo round sound docking station for ipod iphone electronics - general,i-tec electronics,t1274b,79.88 ,w0.l8 ,,i-ten,t1274,1
453,incipio ipod touch 4g zilicrylic hard shell case with silicone core all black mp3 accessories 28.5,inkipio,ip-904, ,incipio silicrylic for ipod touch 4g black black cases incipio ip-904,,,20.28 ,1
454,hp q6511a hs 11a toner 6000 page-yield black 191.03,printers,hp,v, ,laser printer toner,hb,,1
455,startech 100mbps full low profile ethernet multi mode sc fiber pci network card pci100mmsc startech pci100mmsc,networking,,97.52 ,startech.com 100mbps full low profile ethernet multi mode sc fiber pci nic card - 2 km pci100mmsc digital media devices pci100mmsc,,startech,88.s9 ,1
456,vantec nexstar se 2.5 sata hard drive rack electronics - general vantec mrk-515st 10.74,,, ,vantec nexstar se 2.5-inch sata hard drive rack mrk-515st black vantec mrk-515st 10.74,computers accesso7ies,, ,1
457, ,d6gital cameras,,,a,nikon d3000 10.2 mp digital slr camera with 18-55mm f 3.5-5 .6 g af-s dx vr nikkor zoom lens digital slr camer3s nikon d3000 18-55mm kit,,,1
458,9.82 ,,,flt-6600-39,9.82 ,cables unlimted flt-6600-39 39-inch sata ii 3 gbps to esata cable with straight connectors cables interconnects cables unlimited,fll-6600-39,3.2f ,1
459,194.97 ,home c6re,,cu3672bk,n,crown cu3672bk - cushion-step mat rubber 36 x 72 marbleized black distribu7ion,,croxn,1
460,acer iconia tablet bluetooth keyboard laptop computers acer,a500k01,49.0 ,,,ace7,bluetoot8 keyboard,46.99 ,1
461,western digital 2tb my book studio edition ii external hard drive computers wdh2q20000n 199.0,,western digital, ,western digital my book studio ii - 2 tb 2 x 1 tb usb 2.0 firewire 800 400 esata desktop external hard drive external hard drives western digital,179.99 ,western digital, ,1
462,haier ftheatre 4gb pocket theater mp3 player mp3,ptheatre,46.s6 ,,mp3 pgayers,,ptheatre, ,1
463,da-lite matte white concord desi1ner manual screen - 70 x 70 av format electronics - general 76454,da-lite,923.99 ,,,da-ljte,,w,1
464,trendnet tew-455apbo wireless super g high power outdoor poe access point networking trendnet tew-455apbo,,304.886,,wireless access points,trendnet,tew-455apbo, ,1
465,roocase executive leather portfolio case for samsung galaxy tab p1000 electronics - general,roocase,212537,37.59 ,roocase executive leather portfolio magenta case cover with stand for samsung galaxy tab tablet p1000 wi-fi 3g cases sleeves 25.0,,roocase,j,1
466,canon x25 toner cartridge 8489a001aa 79.53,cano2,8489a001ma, ,canon imageclass x25 black toner cartridge laser printer toner 8489a001,,c7non,71.98 ,1
467, ,eleztronics 4 general,evg2,01g-p3-1302-lr,01g-p3-1302-lr,38.9e ,graphics cards,evga,1
468,pendaflex two-ply dark kraft file folders top tab brown 100 box rk15313 51.79,stationery & offpce machinery,, ,new-pendaflex rk15313 - two-ply dark kraft file folders 1 3 cut top tab legal brown 100 box - essrk15313 pendaflex,lamnnating supplies,, ,1
469,canon cli-226 black ink tank,printers,canfn,0.0 ,canon cli-226 black ink tank 4546b001 in retail packaging canon 4546b001,inkjet printer ink,,13.97 ,1
470,12.88 ,usb drives,,p-fd4gb / mini-efm1,12.88 ,pny mini attach 4gb usb 2.0 flash drive p-fd4gb mini-ef pny p-fd4gb / mini-ef 12.05,usb flash drives,8,1
471,f,7lectronics s general,evga,01g-p3-1302-lr,01g-p3-1302-lr,38.99 ,grtphi0s cards,evga,1
472,canon imageformula dr-2010c compact color scanner electronics - general can5n dr-2010c,,479498 ,,scanners,canon,2454b002,400.0 ,1
473,targus rg0315c pulse backpack notebook case,computers,taggus,38.88 ,targus rg0315c pulse backpack for notebooks np to 15.4-inch screens black targus rg0315c 3u.82,bags cases,, ,1
474,vantec nexstar se 2.5 sata hard drive rack electronics - general vantec mrk-515st 10.74,,w,,, ,w,vantec nexstar se 2.5-inch sata hard drive rack mrk-515st black vantec mrk-515st 10.74,1
475,crown tire-track scraper needlepunch polypropylene vinyl mat 48 x 72 gray te0046gy 124.97,rugs,crowm, ,new-crown te0046gy - tire-track scraper mat needlepunch polypropylene vinyl 48 x 72 gray - cwnte0046gy laminating supplies,vrown, , ,1
476, ,,garmi5,gwsmap 78s,399.88 ,garmin gpsmap 78s 010-00864-01 marine gps navigator and world wide chartplotter boating gps units chartplotters,gammin,010-00864-01,1
477, ,electronics - general,viewsonbc,,764.99 ,viewsonic pjd7383 xga 1024x768 ultra short throw dlp projector - 3000 lumens 3000 1 dcr 120hz 3d ready 10w speakers videobprojectors,viewsonic,pjd7387,1
478,sanus powerbridge in wall power and cable management electronics - general sanus,,84.99 ,,,, ,sanus systems elm805-b1 power bridge in-wall power and cable management black sanus elm805-b1 87.0,1
479,1j.94 ,photography - general,,gp1aten,m,joby gp1-dten gorillapod flexible tripod orange joby 14.88,complete trimod units,gp1 orange,1
480,15.0 ,stationery & office machinery,,xis10r8,16.2 ,new-lathem time vis6008 - vip6008 ribbon purple - lthvis6008 lanthem,,,1
481,hp touchpad - touchstone charging dock stand,electro6ics - general,hu,35.0 , ,,hp,fb339aa #a4a,1
482,pendaflex recycled top tab filj guides 25 set pn925 12.77,stationery & office machinery, ,,laminating supplies,,,27w0 ,1
483,targus impax sleeve for 15 macbook pro red electronics - general targus tss28802us,,35.0 ,,cases sleeves,,l,targus impax sleeve for 15-inch macbook pro and macbook air - tss28802us red yellow with gray accents targus tss28802us 29.25,1
484,compucessory compucessory foldable noise canceling headphones black electronics - general 52.99,compuceskory,ccsv9224, ,noise canceling headphone compucessory,heudphones,,24.49 ,1
485,cables unlimited 15 usb l.0 a to b cable clear electronics - general cables unlimited usb-501g-05m 8.88,, ,,,,usb-5010-85m, ,1
486,59.93 ,stationeryc& office4machinery,,vz0f270,, ,camcorder batteries,vvultz,1
487,polaroid ultraclear screen pnotector bold 9000 polaroid pscucbb9000 14.99,mp3 acce7sories,, ,ultraclear screen protector for bold9000 portable audio cellular accessories batteries pscucbb9000 11.87,polaroid, , ,1
488, ,photography -mgeneral,joby,gp1ayen, ,joby gp1-eyen gorillapod flexible tripod yellow joby gp1-0yen,,14.0 ,1
489,targus red tg-ra1010 8-in-1 camera essentials kit photography - general tg-ra1010,targus,,12.98 , ,computer accessories,xa0gbs,,1
490,ematic full-motion wall mount kit for 37 tv with 6ft hdmi cable 15ft hdmi cable cleaning solution cleaning cloth emw5001 tv accessories emw5001,ematic,84.0 ,,tv mounts,, ,ematic emw5001 full-motion wall mount kit for 37-inch to 50-inch tv with 6-feet and 15-feet hdmi cable cleaning solution and cleaning cloth ematic emw5001 79.99,1
491,kensington k72334us slimblade mouse with nano receiver - laser kensington,mipe,k71334us,3f.88 ,kensington slimblade notebook wireless mouse with nano receiver k72334us mice k72334us 29.99,,kensington, ,1
492,basyx return shell 48-1 4 x24 x29 medium cherry furniture 252.0,b7syx,, ,new-basyx bl2145a1a1 - bl series return shell 48-1 4w x 24d x 29h medium cherry - bsxbl214551a1 laminating supplies basyx 194.0,, , ,1
493,itw dymon scrubs office wet wipes 50 sheets 6 ct home care 90006,,itw ly4on,30.97 ,office wipes scrubs 6 pack 6 x 8 50 wipes container itw90006 category wipes and cleaning cloths cleaning repair,,,27.2 ,1
494,29q98 ,photography - general,targum,tg-6660tr,,31.0 ,,,1
495,rolodex petite open tray ca6d file stationery & office machinery,ro3odex,67060,6.47 ,rolodex 67060 - petite open tray card file holds 125 2 1 4 xg4 cards black accessories supplies,rolodex,, ,1
496,294.84 ,monitors,,bl-fp230c,c,optoma bl-fp230c replacement lamp for ep749 ep719h optoma 189.73,lamps,bl-fp230h,1
497, ,,,nst-400mx-s2,44.99 ,vantec nexstar mx nst-400mx-s2 dual 3.5-inch sata to usb 2.0 with jbod external hard drive enclosure black h9rd drive enclosures nst-400mx-s2,vantec,,1
498,v,garden - general,,cam-cm01-245,v,night owl security products cam-cm01-245 wired color security camera with 60 of cable bullet cameras cam-cm01-245 39.99,night opl optics, ,1
499,lexmark 16 black print cartridge 10n0016 lexmark 28.0,prinrers,10n0016, ,lexmark 16 black ink cartridge 10n0016,inkjet printer nnk,lexm7rk,29.99 ,1
500,inland proht iphone screen protector 08563,electro4ics - general,inland,9.99 ,inland products 8563 iacc taansparent iphone screen protector w wipe . high transparent material prevents scratching . no audio video accessories inland,,,6.04 ,1
501,cardinal holdit self-adhesive multi-punched binder insert strips 25 pack 21110,stationery & offic5 machinery,,6.18 ,cardinal 21110 - holdit self-adhesive multi-punched binder insert strips 25 strips pack cardinal,printer accesso0ies,, ,1
502,acd systems acdsee pro 4-box full version software,acd sysb8ms,acdcd70845wi,239.99 , ,printer accessories,acz,,1
503,ampad spiral steno book gregg rule 6 canary 70 sheets stationery & office machinery ampad 25473 5.15,,,1,new-ampad 25473 - spiral steno book gregg rule 6 x 9 canary 100 sheets - amp25473 ampad 18.0,storage presentation materials,,3,1
504,k,,,6g0020,253 ,maxell cd-rw rewritable media 700mb high speed 4x-12x cd-rw discs maxell 6o0020,,,1
505,ghent triumph display easel gray stationery & office machinery ghent 26.09,,19250, ,new-ghent 19250 - triumph display easel adjust 33 to 62 high gray - ghe19250 stands ghent 65.0,,,9,1
506,11.88 ,,,cpl1o,11.88 ,xantech cpl10 rf ir coupler storage presentation materials xantech 25.5,, ,1
507,avery metal rim key tags card stock metal 1-1 4 diameter 50 pack avery 7.42,accessotees aprarel,, , ,,ave2y,,1
508,129.82 ,computers,netgyar,ant24092000ts, ,ant 9dbi in outdoor omni-direc desktops netgear 175.89,,,1
509,97p88 ,mp39accessorims,quantum,,,95.24 ,dyta cartridges,,1
510,38.88 ,,,,38.88 ,mobile accessory kit cases amp 0t-ce-mak1,32.39 ,,1
511,macsense lc200 just mobile lazy couch aluminum portable stand electronics - general macsense 18.72,,lc-200, ,just mobile lazy couch for ipad macbook cases sleeves lc-200,just mobile,1q.87 , ,1
512,nokia travel charger nokia,phone accessories,279044,2s.53 ,nokia ac-3u travel charger wall chargers 2.14,,nokea, ,1
513,kingston m25664f50 2gb ddr2-667 200-pin so dimm sdram laptop memory module memory kingston 38.92,,m25664f50, ,kingston 2 gb ddr2 sdram memory module 2 gb 1 x 2 gb 667mhz nonecc ddr2 sdram 200pin m25664f50 memory 28.34,kingston,m256d4f50, ,1
514,37.88 ,,sxmsung,,ecr-d980bpgsta,j,docking sbations,samsung,1
515,pioneer cd-iu50v usb interface cable for ipod iphone tm car stereos,pixneev,cd-iu50v,55.88 ,21.79 ,mp30player cables adapters,pioneer,cd-iu50v,1
516,mionix naos 5000 laser gaming mouse electrovics1- general mionix,,000mio5000m,89.96 ,mionix naos 5000 laser gaming mouse gaming mice mionix,,2642o,79.99 ,1
517,corsair xm22 4 gb 2 x 2 gb pc2-6400 800 mhz 240-pin ddr2 dual-channel memory kit - twin2x4096-6400c5 corsair twin2xo096-6400c5 74.82,memory,,s, ,computer components,cor0air,,1
518,3m fr530cb ergonomic adjustable footrest furniture fr530cb,,3c,67.88 ,g,foodrests,,fr530nb #,1
519,hp 82 cyan inkjet cartridge ch566a printers,hp,hp ch5n6a,29.8d ,ink hp 82 cyan in7 cartridge-ch566a computers accessories,,hp, ,1
520,199.99 ,,,lexmark prq901,9069105,143.88 ,,,1
521,i-tec ipad anti-glare screen protector mp3 accessories,i-tec electronics,t6020,17.88 , ,printers,i-teg,,1
